index,flow_cms,date,day,month,year
1,12.2611744,37408,1,6,2002
2,10.9586016,37409,2,6,2002
3,8.8631584,37410,3,6,2002
4,6.7110816,37411,4,6,2002
5,6.7393984,37412,5,6,2002
6,8.7498912,37413,6,6,2002
7,12.0063232,37414,7,6,2002
8,12.2894912,37415,8,6,2002
9,11.7797888,37416,9,6,2002
10,11.1001856,37417,10,6,2002
11,10.3922656,37418,11,6,2002
12,10.7037504,37419,12,6,2002
13,10.760384,37420,13,6,2002
14,9.8542464,37421,14,6,2002
15,9.4294944,37422,15,6,2002
16,9.5710784,37423,16,6,2002
17,9.9675136,37424,17,6,2002
18,10.2223648,37425,18,6,2002
19,9.5993952,37426,19,6,2002
20,9.5144448,37427,20,6,2002
21,8.8631584,37428,21,6,2002
22,8.0986048,37429,22,6,2002
23,7.8154368,37430,23,6,2002
24,6.7393984,37431,24,6,2002
25,5.66336,37432,25,6,2002
26,5.0403904,37433,26,6,2002
27,5.0687072,37434,27,6,2002
28,4.8704896,37435,28,6,2002
29,3.5679168,37436,29,6,2002
30,3.3413824,37437,30,6,2002
31,3.114848,37438,1,7,2002
32,2.8883136,37439,2,7,2002
33,2.8033632,37440,3,7,2002
34,2.59381888,37441,4,7,2002
35,2.30498752,37442,5,7,2002
36,2.19172032,37443,6,7,2002
37,2.14075008,37444,7,7,2002
38,2.00766112,37445,8,7,2002
39,1.88873056,37446,9,7,2002
40,2.76371968,37447,10,7,2002
41,2.35595776,37448,11,7,2002
42,1.6848496,37449,12,7,2002
43,1.71033472,37450,13,7,2002
44,1.7131664,37451,14,7,2002
45,1.70183968,37452,15,7,2002
46,2.34746272,37453,16,7,2002
47,2.31065088,37454,17,7,2002
48,1.83209696,37455,18,7,2002
49,1.49795872,37456,19,7,2002
50,1.69617632,37457,20,7,2002
51,1.80094848,37458,21,7,2002
52,1.6565328,37459,22,7,2002
53,1.628216,37460,23,7,2002
54,1.91987904,37461,24,7,2002
55,1.41300832,37462,25,7,2002
56,1.33938464,37463,26,7,2002
57,1.36486976,37464,27,7,2002
58,1.35071136,37465,28,7,2002
59,1.4299984,37466,29,7,2002
60,1.24310752,37467,30,7,2002
61,1.13833536,37468,31,7,2002
62,1.14966208,37469,1,8,2002
63,1.18081056,37470,2,8,2002
64,1.15815712,37471,3,8,2002
65,1.08170176,37472,4,8,2002
66,1.02223648,37473,5,8,2002
67,0.9627712,37474,6,8,2002
68,0.95993952,37475,7,8,2002
69,0.96843456,37476,8,8,2002
70,0.96843456,37477,9,8,2002
71,0.94578112,37478,10,8,2002
72,0.920296,37479,11,8,2002
73,0.88631584,37480,12,8,2002
74,0.85799904,37481,13,8,2002
75,0.84384064,37482,14,8,2002
76,0.80419712,37483,15,8,2002
77,0.74190016,37484,16,8,2002
78,0.68526656,37485,17,8,2002
79,0.637128,37486,18,8,2002
80,0.566336,37487,19,8,2002
81,0.56067264,37488,20,8,2002
82,0.53518752,37489,21,8,2002
83,0.50403904,37490,22,8,2002
84,0.48988064,37491,23,8,2002
85,0.48421728,37492,24,8,2002
86,0.4813856,37493,25,8,2002
87,0.4813856,37494,26,8,2002
88,0.4672272,37495,27,8,2002
89,0.45590048,37496,28,8,2002
90,0.71358336,37497,29,8,2002
91,1.25443424,37498,30,8,2002
92,0.98542464,37499,31,8,2002
93,0.8070288,37500,1,9,2002
94,0.849504,37501,2,9,2002
95,1.36486976,37502,3,9,2002
96,1.05338496,37503,4,9,2002
97,1.12984032,37504,5,9,2002
98,1.3733648,37505,6,9,2002
99,1.46114688,37506,7,9,2002
100,1.41017664,37507,8,9,2002
101,1.25160256,37508,9,9,2002
102,1.23461248,37509,10,9,2002
103,2.8883136,37510,11,9,2002
104,3.114848,37511,12,9,2002
105,1.23744416,37512,13,9,2002
106,0.89481088,37513,14,9,2002
107,0.82968224,37514,15,9,2002
108,1.01657312,37515,16,9,2002
109,0.88348416,37516,17,9,2002
110,0.73906848,37517,18,9,2002
111,0.72491008,37518,19,9,2002
112,0.94578112,37519,20,9,2002
113,1.345048,37520,21,9,2002
114,1.5007904,37521,22,9,2002
115,2.65045248,37522,23,9,2002
116,1.29124608,37523,24,9,2002
117,1.274256,37524,25,9,2002
118,1.38185984,37525,26,9,2002
119,1.98783936,37526,27,9,2002
120,2.46639328,37527,28,9,2002
121,2.42958144,37528,29,9,2002
122,2.1096016,37529,30,9,2002
123,1.32522624,37530,1,10,2002
124,1.53193888,37531,2,10,2002
125,1.61122592,37532,3,10,2002
126,1.5715824,37533,4,10,2002
127,1.58290912,37534,5,10,2002
128,1.40734496,37535,6,10,2002
129,1.35071136,37536,7,10,2002
130,1.22328576,37537,8,10,2002
131,1.11568192,37538,9,10,2002
132,1.03639488,37539,10,10,2002
133,0.98825632,37540,11,10,2002
134,1.13833536,37541,12,10,2002
135,1.26859264,37542,13,10,2002
136,1.345048,37543,14,10,2002
137,1.30823616,37544,15,10,2002
138,1.91421568,37545,16,10,2002
139,3.2281152,37546,17,10,2002
140,2.59948224,37547,18,10,2002
141,1.73581984,37548,19,10,2002
142,2.33047264,37549,20,10,2002
143,2.5768288,37550,21,10,2002
144,2.28516576,37551,22,10,2002
145,2.42958144,37552,23,10,2002
146,2.3078192,37553,24,10,2002
147,1.92271072,37554,25,10,2002
148,3.964352,37555,26,10,2002
149,5.2952416,37556,27,10,2002
150,4.7855392,37557,28,10,2002
151,5.238608,37558,29,10,2002
152,5.1536576,37559,30,10,2002
153,4.95544,37560,31,10,2002
154,4.5873216,37561,1,11,2002
155,4.0209856,37562,2,11,2002
156,3.5962336,37563,3,11,2002
157,3.2847488,37564,4,11,2002
158,3.0298976,37565,5,11,2002
159,4.3607872,37566,6,11,2002
160,4.6156384,37567,7,11,2002
161,4.5590048,37568,8,11,2002
162,4.6156384,37569,9,11,2002
163,4.7289056,37570,10,11,2002
164,4.7855392,37571,11,11,2002
165,5.0403904,37572,12,11,2002
166,8.0986048,37573,13,11,2002
167,8.1552384,37574,14,11,2002
168,8.4100896,37575,15,11,2002
169,8.919792,37576,16,11,2002
170,14.4982016,37577,17,11,2002
171,15.9706752,37578,18,11,2002
172,14.4132512,37579,19,11,2002
173,14.016816,37580,20,11,2002
174,13.9884992,37581,21,11,2002
175,15.6308736,37582,22,11,2002
176,14.9795872,37583,23,11,2002
177,14.1017664,37584,24,11,2002
178,13.3938464,37585,25,11,2002
179,12.8275104,37586,26,11,2002
180,12.5726592,37587,27,11,2002
181,11.893056,37588,28,11,2002
182,11.043552,37589,29,11,2002
183,10.3639488,37590,30,11,2002
184,21.4641344,37773,1,6,2003
185,23.2480928,37774,2,6,2003
186,21.8605696,37775,3,6,2003
187,20.2748288,37776,4,6,2003
188,20.388096,37777,5,6,2003
189,19.4253248,37778,6,6,2003
190,19.3403744,37779,7,6,2003
191,20.4730464,37780,8,6,2003
192,19.6518592,37781,9,6,2003
193,18.4342368,37782,10,6,2003
194,17.6696832,37783,11,6,2003
195,17.414832,37784,12,6,2003
196,16.9617632,37785,13,6,2003
197,16.7918624,37786,14,6,2003
198,15.998992,37787,15,6,2003
199,13.6770144,37788,16,6,2003
200,10.5055328,37789,17,6,2003
201,11.4116704,37790,18,6,2003
202,11.8647392,37791,19,6,2003
203,10.5055328,37792,20,6,2003
204,10.0807808,37793,21,6,2003
205,13.7053312,37794,22,6,2003
206,20.4164128,37795,23,6,2003
207,19.4819584,37796,24,6,2003
208,18.7174048,37797,25,6,2003
209,19.3686912,37798,26,6,2003
210,19.7084928,37799,27,6,2003
211,19.2837408,37800,28,6,2003
212,18.4908704,37801,29,6,2003
213,15.9423584,37802,30,6,2003
214,12.6292928,37803,1,7,2003
215,12.03464,37804,2,7,2003
216,10.7037504,37805,3,7,2003
217,9.2312768,37806,4,7,2003
218,8.5233568,37807,5,7,2003
219,7.645536,37808,6,7,2003
220,6.5411808,37809,7,7,2003
221,5.3518752,37810,8,7,2003
222,4.95544,37811,9,7,2003
223,4.5023712,37812,10,7,2003
224,4.5873216,37813,11,7,2003
225,5.2669248,37814,12,7,2003
226,4.6439552,37815,13,7,2003
227,4.24752,37816,14,7,2003
228,3.6245504,37817,15,7,2003
229,3.7661344,37818,16,7,2003
230,3.5112832,37819,17,7,2003
231,3.7661344,37820,18,7,2003
232,4.4174208,37821,19,7,2003
233,4.3324704,37822,20,7,2003
234,4.3041536,37823,21,7,2003
235,4.9271232,37824,22,7,2003
236,7.1924672,37825,23,7,2003
237,7.1641504,37826,24,7,2003
238,7.2491008,37827,25,7,2003
239,6.937616,37828,26,7,2003
240,7.0225664,37829,27,7,2003
241,6.6261312,37830,28,7,2003
242,5.6916768,37831,29,7,2003
243,5.1536576,37832,30,7,2003
244,4.389104,37833,31,7,2003
245,5.4368256,37834,1,8,2003
246,5.5784096,37835,2,8,2003
247,5.8898944,37836,3,8,2003
248,8.0419712,37837,4,8,2003
249,9.20296,37838,5,8,2003
250,7.1358336,37839,6,8,2003
251,6.8243488,37840,7,8,2003
252,10.7320672,37841,8,8,2003
253,11.1285024,37842,9,8,2003
254,10.6188,37843,10,8,2003
255,10.194048,37844,11,8,2003
256,11.5249376,37845,12,8,2003
257,11.6948384,37846,13,8,2003
258,10.760384,37847,14,8,2003
259,10.9302848,37848,15,8,2003
260,9.5710784,37849,16,8,2003
261,7.8437536,37850,17,8,2003
262,6.9659328,37851,18,8,2003
263,5.3518752,37852,19,8,2003
264,3.5112832,37853,20,8,2003
265,4.0209856,37854,21,8,2003
266,3.822768,37855,22,8,2003
267,4.3607872,37856,23,8,2003
268,3.9360352,37857,24,8,2003
269,3.5112832,37858,25,8,2003
270,2.83168,37859,26,8,2003
271,2.9166304,37860,27,8,2003
272,2.55983872,37861,28,8,2003
273,2.69292768,37862,29,8,2003
274,2.63912576,37863,30,8,2003
275,2.48904672,37864,31,8,2003
276,2.406928,37865,1,9,2003
277,2.8175216,37866,2,9,2003
278,2.2936608,37867,3,9,2003
279,3.3413824,37868,4,9,2003
280,3.8794016,37869,5,9,2003
281,3.8510848,37870,6,9,2003
282,3.8794016,37871,7,9,2003
283,3.7944512,37872,8,9,2003
284,3.5679168,37873,9,9,2003
285,3.3130656,37874,10,9,2003
286,3.0298976,37875,11,9,2003
287,2.63629408,37876,12,9,2003
288,1.69617632,37877,13,9,2003
289,1.77546336,37878,14,9,2003
290,2.3927696,37879,15,9,2003
291,4.9837568,37880,16,9,2003
292,4.6156384,37881,17,9,2003
293,2.43807648,37882,18,9,2003
294,2.9166304,37883,19,9,2003
295,3.4263328,37884,20,9,2003
296,3.3413824,37885,21,9,2003
297,2.973264,37886,22,9,2003
298,2.80902656,37887,23,9,2003
299,3.9360352,37888,24,9,2003
300,4.1342528,37889,25,9,2003
301,3.9926688,37890,26,9,2003
302,4.4457376,37891,27,9,2003
303,4.530688,37892,28,9,2003
304,4.3041536,37893,29,9,2003
305,3.9077184,37894,30,9,2003
306,3.3413824,37895,1,10,2003
307,2.47488832,37896,2,10,2003
308,2.46922496,37897,3,10,2003
309,2.72407616,37898,4,10,2003
310,2.79486816,37899,5,10,2003
311,2.56833376,37900,6,10,2003
312,2.3927696,37901,7,10,2003
313,1.90005728,37902,8,10,2003
314,1.97368096,37903,9,10,2003
315,1.96518592,37904,10,10,2003
316,2.00766112,37905,11,10,2003
317,2.83168,37906,12,10,2003
318,3.7661344,37907,13,10,2003
319,3.1997984,37908,14,10,2003
320,6.5694976,37909,15,10,2003
321,6.3429632,37910,16,10,2003
322,6.512864,37911,17,10,2003
323,6.3429632,37912,18,10,2003
324,6.229696,37913,19,10,2003
325,6.0597952,37914,20,10,2003
326,5.9182112,37915,21,10,2003
327,5.521776,37916,22,10,2003
328,5.1536576,37917,23,10,2003
329,4.813856,37918,24,10,2003
330,4.7289056,37919,25,10,2003
331,4.7855392,37920,26,10,2003
332,6.3146464,37921,27,10,2003
333,7.2774176,37922,28,10,2003
334,13.1106784,37923,29,10,2003
335,13.6770144,37924,30,10,2003
336,12.5443424,37925,31,10,2003
337,13.3938464,37926,1,11,2003
338,14.1867168,37927,2,11,2003
339,15.0362208,37928,3,11,2003
340,14.4132512,37929,4,11,2003
341,14.2150336,37930,5,11,2003
342,14.4132512,37931,6,11,2003
343,13.308896,37932,7,11,2003
344,11.7797888,37933,8,11,2003
345,10.9869184,37934,9,11,2003
346,10.3922656,37935,10,11,2003
347,9.8542464,37936,11,11,2003
348,8.49504,37937,12,11,2003
349,6.512864,37938,13,11,2003
350,6.3429632,37939,14,11,2003
351,6.229696,37940,15,11,2003
352,6.088112,37941,16,11,2003
353,5.9182112,37942,17,11,2003
354,5.7766272,37943,18,11,2003
355,5.6916768,37944,19,11,2003
356,5.946528,37945,20,11,2003
357,8.211872,37946,21,11,2003
358,8.1269216,37947,22,11,2003
359,7.8437536,37948,23,11,2003
360,7.5889024,37949,24,11,2003
361,7.0508832,37950,25,11,2003
362,6.9942496,37951,26,11,2003
363,6.7393984,37952,27,11,2003
364,6.796032,37953,28,11,2003
365,7.8720704,37954,29,11,2003
366,7.3906848,37955,30,11,2003
367,9.7126624,38139,1,6,2004
368,9.627712,38140,2,6,2004
369,8.8914752,38141,3,6,2004
370,8.6083072,38142,4,6,2004
371,8.49504,38143,5,6,2004
372,8.0419712,38144,6,6,2004
373,7.8154368,38145,7,6,2004
374,7.5322688,38146,8,6,2004
375,7.1075168,38147,9,6,2004
376,6.9659328,38148,10,6,2004
377,6.229696,38149,11,6,2004
378,5.7199936,38150,12,6,2004
379,5.3235584,38151,13,6,2004
380,5.0403904,38152,14,6,2004
381,4.7855392,38153,15,6,2004
382,4.4457376,38154,16,6,2004
383,4.0493024,38155,17,6,2004
384,3.8794016,38156,18,6,2004
385,3.4829664,38157,19,6,2004
386,3.114848,38158,20,6,2004
387,3.0015808,38159,21,6,2004
388,2.8599968,38160,22,6,2004
389,2.68443264,38161,23,6,2004
390,2.54568032,38162,24,6,2004
391,2.3786112,38163,25,6,2004
392,2.7467296,38164,26,6,2004
393,3.114848,38165,27,6,2004
394,3.4829664,38166,28,6,2004
395,3.6528672,38167,29,6,2004
396,3.4546496,38168,30,6,2004
397,3.0865312,38169,1,7,2004
398,3.3130656,38170,2,7,2004
399,2.9449472,38171,3,7,2004
400,3.0015808,38172,4,7,2004
401,3.9926688,38173,5,7,2004
402,5.1536576,38174,6,7,2004
403,5.3518752,38175,7,7,2004
404,5.6916768,38176,8,7,2004
405,5.5500928,38177,9,7,2004
406,5.0120736,38178,10,7,2004
407,4.3607872,38179,11,7,2004
408,3.7095008,38180,12,7,2004
409,3.2281152,38181,13,7,2004
410,3.2281152,38182,14,7,2004
411,3.0865312,38183,15,7,2004
412,2.973264,38184,16,7,2004
413,2.83168,38185,17,7,2004
414,2.760888,38186,18,7,2004
415,2.61080896,38187,19,7,2004
416,2.44090816,38188,20,7,2004
417,2.26817568,38189,21,7,2004
418,2.1096016,38190,22,7,2004
419,1.86607712,38191,23,7,2004
420,4.813856,38192,24,7,2004
421,4.672272,38193,25,7,2004
422,4.0209856,38194,26,7,2004
423,3.5112832,38195,27,7,2004
424,2.7892048,38196,28,7,2004
425,2.02748288,38197,29,7,2004
426,1.84908704,38198,30,7,2004
427,1.95952256,38199,31,7,2004
428,1.84908704,38200,1,8,2004
429,1.73865152,38201,2,8,2004
430,1.66219616,38202,3,8,2004
431,1.5432656,38203,4,8,2004
432,1.7981168,38204,5,8,2004
433,1.69334464,38205,6,8,2004
434,1.55459232,38206,7,8,2004
435,1.46114688,38207,8,8,2004
436,1.3875232,38208,9,8,2004
437,1.42150336,38209,10,8,2004
438,1.76413664,38210,11,8,2004
439,1.87174048,38211,12,8,2004
440,5.6916768,38212,13,8,2004
441,5.7483104,38213,14,8,2004
442,12.3461248,38214,15,8,2004
443,11.4399872,38215,16,8,2004
444,9.8542464,38216,17,8,2004
445,8.4384064,38217,18,8,2004
446,5.6916768,38218,19,8,2004
447,5.6067264,38219,20,8,2004
448,6.4279136,38220,21,8,2004
449,7.9853376,38221,22,8,2004
450,7.503952,38222,23,8,2004
451,6.796032,38223,24,8,2004
452,6.4279136,38224,25,8,2004
453,5.7483104,38225,26,8,2004
454,5.2669248,38226,27,8,2004
455,4.7005888,38227,28,8,2004
456,4.3041536,38228,29,8,2004
457,3.7944512,38229,30,8,2004
458,2.79486816,38230,31,8,2004
459,2.52869024,38231,1,9,2004
460,2.33047264,38232,2,9,2004
461,2.18888864,38233,3,9,2004
462,1.96518592,38234,4,9,2004
463,1.75280992,38235,5,9,2004
464,1.5998992,38236,6,9,2004
465,1.5007904,38237,7,9,2004
466,2.27667072,38238,8,9,2004
467,3.8510848,38239,9,9,2004
468,3.7378176,38240,10,9,2004
469,3.1997984,38241,11,9,2004
470,3.1714816,38242,12,9,2004
471,3.1714816,38243,13,9,2004
472,3.1431648,38244,14,9,2004
473,2.74389792,38245,15,9,2004
474,1.9680176,38246,16,9,2004
475,1.90572064,38247,17,9,2004
476,6.1164288,38248,18,9,2004
477,9.20296,38249,19,9,2004
478,9.20296,38250,20,9,2004
479,9.5427616,38251,21,9,2004
480,9.0330592,38252,22,9,2004
481,8.4667232,38253,23,9,2004
482,7.5889024,38254,24,9,2004
483,6.6261312,38255,25,9,2004
484,5.4368256,38256,26,9,2004
485,4.24752,38257,27,9,2004
486,5.4651424,38258,28,9,2004
487,13.3372128,38259,29,9,2004
488,15.2344384,38260,30,9,2004
489,15.1778048,38261,1,10,2004
490,15.007904,38262,2,10,2004
491,14.86632,38263,3,10,2004
492,14.1867168,38264,4,10,2004
493,13.5071136,38265,5,10,2004
494,12.4877088,38266,6,10,2004
495,11.4399872,38267,7,10,2004
496,9.2312768,38268,8,10,2004
497,6.3995968,38269,9,10,2004
498,6.0314784,38270,10,10,2004
499,5.3518752,38271,11,10,2004
500,4.8421728,38272,12,10,2004
501,4.4457376,38273,13,10,2004
502,4.0776192,38274,14,10,2004
503,4.105936,38275,15,10,2004
504,6.6827648,38276,16,10,2004
505,6.2863296,38277,17,10,2004
506,5.7199936,38278,18,10,2004
507,5.4651424,38279,19,10,2004
508,6.3146464,38280,20,10,2004
509,6.3146464,38281,21,10,2004
510,6.37128,38282,22,10,2004
511,6.2580128,38283,23,10,2004
512,6.1447456,38284,24,10,2004
513,5.8332608,38285,25,10,2004
514,5.2669248,38286,26,10,2004
515,4.9837568,38287,27,10,2004
516,4.7289056,38288,28,10,2004
517,4.4457376,38289,29,10,2004
518,4.389104,38290,30,10,2004
519,4.389104,38291,31,10,2004
520,4.1342528,38292,1,11,2004
521,4.0209856,38293,2,11,2004
522,3.8510848,38294,3,11,2004
523,3.964352,38295,4,11,2004
524,5.66336,38296,5,11,2004
525,5.5784096,38297,6,11,2004
526,6.0597952,38298,7,11,2004
527,6.229696,38299,8,11,2004
528,6.1730624,38300,9,11,2004
529,6.229696,38301,10,11,2004
530,6.1730624,38302,11,11,2004
531,5.804944,38303,12,11,2004
532,5.946528,38304,13,11,2004
533,5.7483104,38305,14,11,2004
534,5.8332608,38306,15,11,2004
535,6.0314784,38307,16,11,2004
536,6.1447456,38308,17,11,2004
537,6.229696,38309,18,11,2004
538,6.2580128,38310,19,11,2004
539,6.3146464,38311,20,11,2004
540,6.5694976,38312,21,11,2004
541,6.3995968,38313,22,11,2004
542,6.3429632,38314,23,11,2004
543,6.4562304,38315,24,11,2004
544,7.4190016,38316,25,11,2004
545,7.8154368,38317,26,11,2004
546,7.9853376,38318,27,11,2004
547,9.4578112,38319,28,11,2004
548,12.5726592,38320,29,11,2004
549,12.74256,38321,30,11,2004
550,19.4536416,38504,1,6,2005
551,17.4997824,38505,2,6,2005
552,16.3387936,38506,3,6,2005
553,15.1211712,38507,4,6,2005
554,13.5354304,38508,5,6,2005
555,12.4877088,38509,6,6,2005
556,10.9302848,38510,7,6,2005
557,9.91088,38511,8,6,2005
558,10.477216,38512,9,6,2005
559,9.7976128,38513,10,6,2005
560,9.5144448,38514,11,6,2005
561,9.3728608,38515,12,6,2005
562,7.4756352,38516,13,6,2005
563,6.4845472,38517,14,6,2005
564,5.946528,38518,15,6,2005
565,5.1536576,38519,16,6,2005
566,6.2580128,38520,17,6,2005
567,6.1730624,38521,18,6,2005
568,5.9748448,38522,19,6,2005
569,5.8898944,38523,20,6,2005
570,5.6916768,38524,21,6,2005
571,5.380192,38525,22,6,2005
572,5.097024,38526,23,6,2005
573,4.2192032,38527,24,6,2005
574,2.973264,38528,25,6,2005
575,2.9449472,38529,26,6,2005
576,2.8883136,38530,27,6,2005
577,2.69292768,38531,28,6,2005
578,2.45789824,38532,29,6,2005
579,2.336136,38533,30,6,2005
580,2.27383904,38534,1,7,2005
581,2.24552224,38535,2,7,2005
582,2.14358176,38536,3,7,2005
583,2.05863136,38537,4,7,2005
584,1.95952256,38538,5,7,2005
585,8.211872,38539,6,7,2005
586,8.3251392,38540,7,7,2005
587,9.2312768,38541,8,7,2005
588,13.0540448,38542,9,7,2005
589,12.1479072,38543,10,7,2005
590,11.043552,38544,11,7,2005
591,9.6560288,38545,12,7,2005
592,9.2879104,38546,13,7,2005
593,8.919792,38547,14,7,2005
594,7.928704,38548,15,7,2005
595,6.7393984,38549,16,7,2005
596,5.66336,38550,17,7,2005
597,4.5023712,38551,18,7,2005
598,2.56550208,38552,19,7,2005
599,2.47772,38553,20,7,2005
600,2.3219776,38554,21,7,2005
601,2.16057184,38555,22,7,2005
602,1.9538592,38556,23,7,2005
603,1.69051296,38557,24,7,2005
604,1.54892896,38558,25,7,2005
605,1.43849344,38559,26,7,2005
606,1.35354304,38560,27,7,2005
607,1.22045408,38561,28,7,2005
608,1.13833536,38562,29,7,2005
609,1.06188,38563,30,7,2005
610,1.00807808,38564,31,7,2005
611,0.9769296,38565,1,8,2005
612,1.84342368,38566,2,8,2005
613,1.65936448,38567,3,8,2005
614,1.41584,38568,4,8,2005
615,1.27991936,38569,5,8,2005
616,1.30540448,38570,6,8,2005
617,1.25443424,38571,7,8,2005
618,1.27991936,38572,8,8,2005
619,1.31106784,38573,9,8,2005
620,1.22894912,38574,10,8,2005
621,1.11001856,38575,11,8,2005
622,1.01090976,38576,12,8,2005
623,0.97126624,38577,13,8,2005
624,1.25160256,38578,14,8,2005
625,2.33330432,38579,15,8,2005
626,2.01898784,38580,16,8,2005
627,1.64803776,38581,17,8,2005
628,1.38469152,38582,18,8,2005
629,1.21195904,38583,19,8,2005
630,1.09302848,38584,20,8,2005
631,1.05904832,38585,21,8,2005
632,0.97976128,38586,22,8,2005
633,0.91180096,38587,23,8,2005
634,0.88065248,38588,24,8,2005
635,0.92879104,38589,25,8,2005
636,0.92879104,38590,26,8,2005
637,0.88065248,38591,27,8,2005
638,0.82968224,38592,28,8,2005
639,0.91746432,38593,29,8,2005
640,1.42150336,38594,30,8,2005
641,1.73298816,38595,31,8,2005
642,1.76413664,38596,1,9,2005
643,1.45265184,38597,2,9,2005
644,1.26292928,38598,3,9,2005
645,1.13833536,38599,4,9,2005
646,1.05338496,38600,5,9,2005
647,0.98542464,38601,6,9,2005
648,0.920296,38602,7,9,2005
649,0.849504,38603,8,9,2005
650,0.78720704,38604,9,9,2005
651,0.72491008,38605,10,9,2005
652,0.6796032,38606,11,9,2005
653,0.6512864,38607,12,9,2005
654,0.63146464,38608,13,9,2005
655,0.63995968,38609,14,9,2005
656,1.08736512,38610,15,9,2005
657,2.68160096,38611,16,9,2005
658,2.83168,38612,17,9,2005
659,2.60231392,38613,18,9,2005
660,2.25401728,38614,19,9,2005
661,2.08977984,38615,20,9,2005
662,1.91987904,38616,21,9,2005
663,1.7981168,38617,22,9,2005
664,1.66785952,38618,23,9,2005
665,1.51211712,38619,24,9,2005
666,1.38185984,38620,25,9,2005
667,1.28275104,38621,26,9,2005
668,1.2600976,38622,27,9,2005
669,1.22045408,38623,28,9,2005
670,1.32239456,38624,29,9,2005
671,1.5149488,38625,30,9,2005
672,1.50645376,38626,1,10,2005
673,1.43849344,38627,2,10,2005
674,1.37619648,38628,3,10,2005
675,1.30540448,38629,4,10,2005
676,1.22045408,38630,5,10,2005
677,1.0052464,38631,6,10,2005
678,0.88065248,38632,7,10,2005
679,1.51211712,38633,8,10,2005
680,8.8914752,38634,9,10,2005
681,8.0986048,38635,10,10,2005
682,8.1552384,38636,11,10,2005
683,9.4578112,38637,12,10,2005
684,9.1463264,38638,13,10,2005
685,10.0807808,38639,14,10,2005
686,31.431648,38640,15,10,2005
687,35.962336,38641,16,10,2005
688,32.847488,38642,17,10,2005
689,33.130656,38643,18,10,2005
690,35.396,38644,19,10,2005
691,35.962336,38645,20,10,2005
692,33.98016,38646,21,10,2005
693,31.714816,38647,22,10,2005
694,32.847488,38648,23,10,2005
695,29.449472,38649,24,10,2005
696,35.962336,38650,25,10,2005
697,36.528672,38651,26,10,2005
698,33.98016,38652,27,10,2005
699,31.431648,38653,28,10,2005
700,30.015808,38654,29,10,2005
701,28.883136,38655,30,10,2005
702,26.9575936,38656,31,10,2005
703,25.5983872,38657,1,11,2005
704,23.5878944,38658,2,11,2005
705,21.9738368,38659,3,11,2005
706,20.7278976,38660,4,11,2005
707,19.82176,38661,5,11,2005
708,18.8023552,38662,6,11,2005
709,18.0944352,38663,7,11,2005
710,16.9617632,38664,8,11,2005
711,15.715824,38665,9,11,2005
712,16.8201792,38666,10,11,2005
713,15.5176064,38667,11,11,2005
714,14.86632,38668,12,11,2005
715,14.583152,38669,13,11,2005
716,14.5265184,38670,14,11,2005
717,14.0734496,38671,15,11,2005
718,14.016816,38672,16,11,2005
719,15.0362208,38673,17,11,2005
720,14.1300832,38674,18,11,2005
721,13.6203808,38675,19,11,2005
722,13.5354304,38676,20,11,2005
723,13.9884992,38677,21,11,2005
724,20.812848,38678,22,11,2005
725,21.8605696,38679,23,11,2005
726,20.812848,38680,24,11,2005
727,20.9827488,38681,25,11,2005
728,21.520768,38682,26,11,2005
729,21.6057184,38683,27,11,2005
730,21.662352,38684,28,11,2005
731,21.662352,38685,29,11,2005
732,24.0126464,38686,30,11,2005
733,13.9035488,38869,1,6,2006
734,13.592064,38870,2,6,2006
735,16.706912,38871,3,6,2006
736,22.9932416,38872,4,6,2006
737,22.795024,38873,5,6,2006
738,21.803936,38874,6,6,2006
739,31.431648,38875,7,6,2006
740,40.493024,38876,8,6,2006
741,43.041536,38877,9,6,2006
742,44.174208,38878,10,6,2006
743,43.607872,38879,11,6,2006
744,41.908864,38880,12,6,2006
745,39.360352,38881,13,6,2006
746,38.22768,38882,14,6,2006
747,38.22768,38883,15,6,2006
748,35.679168,38884,16,6,2006
749,32.281152,38885,17,6,2006
750,29.166304,38886,18,6,2006
751,25.5700704,38887,19,6,2006
752,22.3985888,38888,20,6,2006
753,19.6518592,38889,21,6,2006
754,16.6219616,38890,22,6,2006
755,17.2449312,38891,23,6,2006
756,18.7174048,38892,24,6,2006
757,19.3403744,38893,25,6,2006
758,19.7651264,38894,26,6,2006
759,16.99008,38895,27,6,2006
760,15.857408,38896,28,6,2006
761,15.2061216,38897,29,6,2006
762,14.0451328,38898,30,6,2006
763,13.8469152,38899,1,7,2006
764,12.9974112,38900,2,7,2006
765,12.74256,38901,3,7,2006
766,11.609888,38902,4,7,2006
767,10.477216,38903,5,7,2006
768,8.5516736,38904,6,7,2006
769,10.5055328,38905,7,7,2006
770,9.5710784,38906,8,7,2006
771,8.9764256,38907,9,7,2006
772,7.5322688,38908,10,7,2006
773,5.2952416,38909,11,7,2006
774,6.1164288,38910,12,7,2006
775,6.654448,38911,13,7,2006
776,5.5500928,38912,14,7,2006
777,5.5784096,38913,15,7,2006
778,5.66336,38914,16,7,2006
779,5.380192,38915,17,7,2006
780,4.4457376,38916,18,7,2006
781,6.0314784,38917,19,7,2006
782,4.7855392,38918,20,7,2006
783,4.3041536,38919,21,7,2006
784,5.5500928,38920,22,7,2006
785,6.4562304,38921,23,7,2006
786,6.3995968,38922,24,7,2006
787,5.8898944,38923,25,7,2006
788,5.9182112,38924,26,7,2006
789,5.4651424,38925,27,7,2006
790,5.4368256,38926,28,7,2006
791,5.380192,38927,29,7,2006
792,4.5873216,38928,30,7,2006
793,4.0209856,38929,31,7,2006
794,3.1997984,38930,1,8,2006
795,3.0298976,38931,2,8,2006
796,2.8599968,38932,3,8,2006
797,2.77787808,38933,4,8,2006
798,2.62779904,38934,5,8,2006
799,2.406928,38935,6,8,2006
800,2.23985888,38936,7,8,2006
801,1.68768128,38937,8,8,2006
802,1.4724736,38938,9,8,2006
803,1.50362208,38939,10,8,2006
804,1.4016816,38940,11,8,2006
805,1.32522624,38941,12,8,2006
806,1.2884144,38942,13,8,2006
807,1.3167312,38943,14,8,2006
808,1.7273248,38944,15,8,2006
809,1.97651264,38945,16,8,2006
810,1.90288896,38946,17,8,2006
811,1.9255424,38947,18,8,2006
812,1.91421568,38948,19,8,2006
813,2.7750464,38949,20,8,2006
814,4.1908864,38950,21,8,2006
815,3.5679168,38951,22,8,2006
816,3.681184,38952,23,8,2006
817,3.7095008,38953,24,8,2006
818,5.0120736,38954,25,8,2006
819,4.530688,38955,26,8,2006
820,4.2192032,38956,27,8,2006
821,4.8421728,38957,28,8,2006
822,4.9271232,38958,29,8,2006
823,5.1253408,38959,30,8,2006
824,5.097024,38960,31,8,2006
825,5.0120736,38961,1,9,2006
826,4.6439552,38962,2,9,2006
827,5.0687072,38963,3,9,2006
828,5.1253408,38964,4,9,2006
829,5.0687072,38965,5,9,2006
830,5.238608,38966,6,9,2006
831,5.2952416,38967,7,9,2006
832,5.1536576,38968,8,9,2006
833,4.7855392,38969,9,9,2006
834,4.105936,38970,10,9,2006
835,3.398016,38971,11,9,2006
836,2.64478912,38972,12,9,2006
837,2.60797728,38973,13,9,2006
838,2.82601664,38974,14,9,2006
839,3.1431648,38975,15,9,2006
840,2.83168,38976,16,9,2006
841,2.7892048,38977,17,9,2006
842,2.83168,38978,18,9,2006
843,2.8599968,38979,19,9,2006
844,3.4546496,38980,20,9,2006
845,2.9449472,38981,21,9,2006
846,2.70708608,38982,22,9,2006
847,2.57966048,38983,23,9,2006
848,2.45789824,38984,24,9,2006
849,2.12376,38985,25,9,2006
850,1.8689088,38986,26,9,2006
851,2.00766112,38987,27,9,2006
852,1.92837408,38988,28,9,2006
853,1.90855232,38989,29,9,2006
854,1.80094848,38990,30,9,2006
855,1.98783936,38991,1,10,2006
856,2.3219776,38992,2,10,2006
857,2.25684896,38993,3,10,2006
858,2.30215584,38994,4,10,2006
859,2.32480928,38995,5,10,2006
860,2.27383904,38996,6,10,2006
861,2.08411648,38997,7,10,2006
862,2.04447296,38998,8,10,2006
863,1.95952256,38999,9,10,2006
864,1.8689088,39000,10,10,2006
865,1.81793856,39001,11,10,2006
866,5.3235584,39002,12,10,2006
867,5.6350432,39003,13,10,2006
868,6.4845472,39004,14,10,2006
869,6.9659328,39005,15,10,2006
870,6.9092992,39006,16,10,2006
871,6.4562304,39007,17,10,2006
872,5.8615776,39008,18,10,2006
873,5.0120736,39009,19,10,2006
874,4.95544,39010,20,10,2006
875,4.8704896,39011,21,10,2006
876,4.9271232,39012,22,10,2006
877,5.1536576,39013,23,10,2006
878,5.0687072,39014,24,10,2006
879,4.8704896,39015,25,10,2006
880,4.5590048,39016,26,10,2006
881,4.389104,39017,27,10,2006
882,8.636624,39018,28,10,2006
883,12.1195904,39019,29,10,2006
884,11.8081056,39020,30,10,2006
885,12.2894912,39021,31,10,2006
886,12.74256,39022,1,11,2006
887,12.9407776,39023,2,11,2006
888,12.4877088,39024,3,11,2006
889,11.6382048,39025,4,11,2006
890,10.7887008,39026,5,11,2006
891,9.6560288,39027,6,11,2006
892,8.2685056,39028,7,11,2006
893,8.353456,39029,8,11,2006
894,7.1924672,39030,9,11,2006
895,7.8720704,39031,10,11,2006
896,8.6649408,39032,11,11,2006
897,10.2506816,39033,12,11,2006
898,11.0718688,39034,13,11,2006
899,12.6576096,39035,14,11,2006
900,12.7991936,39036,15,11,2006
901,12.9124608,39037,16,11,2006
902,17.556416,39038,17,11,2006
903,16.7352288,39039,18,11,2006
904,15.9706752,39040,19,11,2006
905,15.857408,39041,20,11,2006
906,15.432656,39042,21,11,2006
907,14.6114688,39043,22,11,2006
908,14.9229536,39044,23,11,2006
909,20.1332448,39045,24,11,2006
910,18.8023552,39046,25,11,2006
911,18.547504,39047,26,11,2006
912,18.7174048,39048,27,11,2006
913,18.8873056,39049,28,11,2006
914,19.1704736,39050,29,11,2006
915,18.6324544,39051,30,11,2006
916,6.5978144,39234,1,6,2007
917,6.2013792,39235,2,6,2007
918,5.521776,39236,3,6,2007
919,8.8631584,39237,4,6,2007
920,11.609888,39238,5,6,2007
921,10.7320672,39239,6,6,2007
922,10.6471168,39240,7,6,2007
923,10.6471168,39241,8,6,2007
924,10.6754336,39242,9,6,2007
925,10.2506816,39243,10,6,2007
926,9.5993952,39244,11,6,2007
927,8.9764256,39245,12,6,2007
928,8.5233568,39246,13,6,2007
929,7.645536,39247,14,6,2007
930,6.0314784,39248,15,6,2007
931,5.8615776,39249,16,6,2007
932,5.380192,39250,17,6,2007
933,4.8704896,39251,18,6,2007
934,4.1625696,39252,19,6,2007
935,3.0582144,39253,20,6,2007
936,3.1431648,39254,21,6,2007
937,3.5112832,39255,22,6,2007
938,4.0776192,39256,23,6,2007
939,3.9360352,39257,24,6,2007
940,3.5396,39258,25,6,2007
941,2.37294784,39259,26,6,2007
942,2.33330432,39260,27,6,2007
943,2.17756192,39261,28,6,2007
944,2.0671264,39262,29,6,2007
945,1.83776032,39263,30,6,2007
946,1.73015648,39264,1,7,2007
947,1.65086944,39265,2,7,2007
948,1.55459232,39266,3,7,2007
949,1.47813696,39267,4,7,2007
950,1.62255264,39268,5,7,2007
951,1.55459232,39269,6,7,2007
952,1.4016816,39270,7,7,2007
953,1.32805792,39271,8,7,2007
954,2.06995808,39272,9,7,2007
955,2.14358176,39273,10,7,2007
956,2.14924512,39274,11,7,2007
957,2.08694816,39275,12,7,2007
958,1.95102752,39276,13,7,2007
959,1.75280992,39277,14,7,2007
960,1.60556256,39278,15,7,2007
961,1.38469152,39279,16,7,2007
962,1.23461248,39280,17,7,2007
963,1.11285024,39281,18,7,2007
964,1.1468304,39282,19,7,2007
965,1.15815712,39283,20,7,2007
966,1.07037504,39284,21,7,2007
967,1.03922656,39285,22,7,2007
968,1.02506816,39286,23,7,2007
969,1.02223648,39287,24,7,2007
970,0.98542464,39288,25,7,2007
971,0.94578112,39289,26,7,2007
972,0.8353456,39290,27,7,2007
973,0.99391968,39291,28,7,2007
974,1.2459392,39292,29,7,2007
975,1.79245344,39293,30,7,2007
976,2.34463104,39294,31,7,2007
977,2.04447296,39295,1,8,2007
978,3.5962336,39296,2,8,2007
979,2.08977984,39297,3,8,2007
980,1.1893056,39298,4,8,2007
981,0.98825632,39299,5,8,2007
982,1.02789984,39300,6,8,2007
983,1.11568192,39301,7,8,2007
984,1.14399872,39302,8,8,2007
985,0.9061376,39303,9,8,2007
986,0.81269216,39304,10,8,2007
987,0.77588032,39305,11,8,2007
988,0.72491008,39306,12,8,2007
989,0.68243488,39307,13,8,2007
990,0.64845472,39308,14,8,2007
991,0.58898944,39309,15,8,2007
992,0.56067264,39310,16,8,2007
993,0.56067264,39311,17,8,2007
994,0.54934592,39312,18,8,2007
995,0.53518752,39313,19,8,2007
996,0.53518752,39314,20,8,2007
997,0.53518752,39315,21,8,2007
998,0.53518752,39316,22,8,2007
999,0.53518752,39317,23,8,2007
1000,0.5521776,39318,24,8,2007
1001,0.54651424,39319,25,8,2007
1002,0.5521776,39320,26,8,2007
1003,0.54085088,39321,27,8,2007
1004,0.53518752,39322,28,8,2007
1005,0.53518752,39323,29,8,2007
1006,0.53518752,39324,30,8,2007
1007,0.53518752,39325,31,8,2007
1008,0.50403904,39326,1,9,2007
1009,0.50403904,39327,2,9,2007
1010,0.4813856,39328,3,9,2007
1011,0.46439552,39329,4,9,2007
1012,0.46439552,39330,5,9,2007
1013,0.4530688,39331,6,9,2007
1014,0.44174208,39332,7,9,2007
1015,0.44174208,39333,8,9,2007
1016,0.43607872,39334,9,9,2007
1017,0.42192032,39335,10,9,2007
1018,0.71075168,39336,11,9,2007
1019,0.82968224,39337,12,9,2007
1020,0.62013792,39338,13,9,2007
1021,0.67393984,39339,14,9,2007
1022,1.03639488,39340,15,9,2007
1023,1.16948384,39341,16,9,2007
1024,1.10152352,39342,17,9,2007
1025,0.7645536,39343,18,9,2007
1026,0.6937616,39344,19,9,2007
1027,0.67393984,39345,20,9,2007
1028,0.62863296,39346,21,9,2007
1029,0.60031616,39347,22,9,2007
1030,0.54085088,39348,23,9,2007
1031,0.49271232,39349,24,9,2007
1032,0.46439552,39350,25,9,2007
1033,0.46156384,39351,26,9,2007
1034,0.45873216,39352,27,9,2007
1035,0.4530688,39353,28,9,2007
1036,0.42192032,39354,29,9,2007
1037,0.40776192,39355,30,9,2007
1038,0.39926688,39356,1,10,2007
1039,0.39926688,39357,2,10,2007
1040,0.39926688,39358,3,10,2007
1041,0.39360352,39359,4,10,2007
1042,0.37661344,39360,5,10,2007
1043,0.35396,39361,6,10,2007
1044,0.3398016,39362,7,10,2007
1045,0.3681184,39363,8,10,2007
1046,0.3398016,39364,9,10,2007
1047,0.38794016,39365,10,10,2007
1048,0.4389104,39366,11,10,2007
1049,0.73057344,39367,12,10,2007
1050,2.3219776,39368,13,10,2007
1051,1.58857248,39369,14,10,2007
1052,1.18081056,39370,15,10,2007
1053,0.98825632,39371,16,10,2007
1054,0.70225664,39372,17,10,2007
1055,0.5946528,39373,18,10,2007
1056,0.69092992,39374,19,10,2007
1057,1.84625536,39375,20,10,2007
1058,1.61122592,39376,21,10,2007
1059,1.26859264,39377,22,10,2007
1060,1.01374144,39378,23,10,2007
1061,0.72774176,39379,24,10,2007
1062,0.60314784,39380,25,10,2007
1063,0.60031616,39381,26,10,2007
1064,1.32522624,39382,27,10,2007
1065,1.56591904,39383,28,10,2007
1066,1.63671104,39384,29,10,2007
1067,1.76130496,39385,30,10,2007
1068,1.61688928,39386,31,10,2007
1069,1.06471168,39387,1,11,2007
1070,0.72491008,39388,2,11,2007
1071,1.4724736,39389,3,11,2007
1072,2.74956128,39390,4,11,2007
1073,2.27100736,39391,5,11,2007
1074,3.4829664,39392,6,11,2007
1075,3.6528672,39393,7,11,2007
1076,3.5112832,39394,8,11,2007
1077,3.1431648,39395,9,11,2007
1078,3.114848,39396,10,11,2007
1079,2.973264,39397,11,11,2007
1080,2.73540288,39398,12,11,2007
1081,3.0015808,39399,13,11,2007
1082,3.0298976,39400,14,11,2007
1083,3.4263328,39401,15,11,2007
1084,4.1908864,39402,16,11,2007
1085,3.822768,39403,17,11,2007
1086,3.822768,39404,18,11,2007
1087,3.8794016,39405,19,11,2007
1088,3.964352,39406,20,11,2007
1089,3.7661344,39407,21,11,2007
1090,3.5679168,39408,22,11,2007
1091,3.1997984,39409,23,11,2007
1092,3.114848,39410,24,11,2007
1093,3.0582144,39411,25,11,2007
1094,3.3696992,39412,26,11,2007
1095,3.4263328,39413,27,11,2007
1096,3.3130656,39414,28,11,2007
1097,3.4546496,39415,29,11,2007
1098,3.1997984,39416,30,11,2007
1099,4.813856,39600,1,6,2008
1100,4.5590048,39601,2,6,2008
1101,4.3324704,39602,3,6,2008
1102,4.672272,39603,4,6,2008
1103,4.7855392,39604,5,6,2008
1104,4.813856,39605,6,6,2008
1105,4.9271232,39606,7,6,2008
1106,5.0120736,39607,8,6,2008
1107,4.8704896,39608,9,6,2008
1108,4.7005888,39609,10,6,2008
1109,4.1908864,39610,11,6,2008
1110,3.7378176,39611,12,6,2008
1111,3.3696992,39612,13,6,2008
1112,3.0015808,39613,14,6,2008
1113,3.4829664,39614,15,6,2008
1114,3.7661344,39615,16,6,2008
1115,5.0120736,39616,17,6,2008
1116,4.4174208,39617,18,6,2008
1117,4.3041536,39618,19,6,2008
1118,4.389104,39619,20,6,2008
1119,4.1625696,39620,21,6,2008
1120,3.8510848,39621,22,6,2008
1121,6.0314784,39622,23,6,2008
1122,5.4085088,39623,24,6,2008
1123,5.66336,39624,25,6,2008
1124,5.3235584,39625,26,6,2008
1125,6.937616,39626,27,6,2008
1126,6.654448,39627,28,6,2008
1127,5.380192,39628,29,6,2008
1128,5.4085088,39629,30,6,2008
1129,4.9271232,39630,1,7,2008
1130,5.6350432,39631,2,7,2008
1131,5.2952416,39632,3,7,2008
1132,5.0120736,39633,4,7,2008
1133,4.389104,39634,5,7,2008
1134,4.0493024,39635,6,7,2008
1135,3.681184,39636,7,7,2008
1136,3.1997984,39637,8,7,2008
1137,3.0015808,39638,9,7,2008
1138,2.9449472,39639,10,7,2008
1139,2.47205664,39640,11,7,2008
1140,2.14358176,39641,12,7,2008
1141,1.93403744,39642,13,7,2008
1142,1.72449312,39643,14,7,2008
1143,1.4441568,39644,15,7,2008
1144,1.32239456,39645,16,7,2008
1145,1.27708768,39646,17,7,2008
1146,1.2317808,39647,18,7,2008
1147,1.15249376,39648,19,7,2008
1148,1.23461248,39649,20,7,2008
1149,3.2847488,39650,21,7,2008
1150,2.80902656,39651,22,7,2008
1151,3.5679168,39652,23,7,2008
1152,15.3193888,39653,24,7,2008
1153,21.379184,39654,25,7,2008
1154,17.131664,39655,26,7,2008
1155,13.875232,39656,27,7,2008
1156,14.2716672,39657,28,7,2008
1157,14.0734496,39658,29,7,2008
1158,13.733648,39659,30,7,2008
1159,12.5443424,39660,31,7,2008
1160,11.3550368,39661,1,8,2008
1161,10.194048,39662,2,8,2008
1162,9.91088,39663,3,8,2008
1163,8.0986048,39664,4,8,2008
1164,6.5411808,39665,5,8,2008
1165,6.2863296,39666,6,8,2008
1166,6.796032,39667,7,8,2008
1167,9.5710784,39668,8,8,2008
1168,11.2134528,39669,9,8,2008
1169,13.1389952,39670,10,8,2008
1170,16.0556256,39671,11,8,2008
1171,16.8201792,39672,12,8,2008
1172,17.2449312,39673,13,8,2008
1173,14.1017664,39674,14,8,2008
1174,11.893056,39675,15,8,2008
1175,11.751472,39676,16,8,2008
1176,11.0718688,39677,17,8,2008
1177,11.0718688,39678,18,8,2008
1178,11.751472,39679,19,8,2008
1179,12.5443424,39680,20,8,2008
1180,12.6292928,39681,21,8,2008
1181,12.176224,39682,22,8,2008
1182,11.2417696,39683,23,8,2008
1183,10.0807808,39684,24,8,2008
1184,8.6649408,39685,25,8,2008
1185,7.1075168,39686,26,8,2008
1186,6.1447456,39687,27,8,2008
1187,5.097024,39688,28,8,2008
1188,4.3607872,39689,29,8,2008
1189,3.822768,39690,30,8,2008
1190,3.3413824,39691,31,8,2008
1191,2.973264,39692,1,9,2008
1192,2.74956128,39693,2,9,2008
1193,2.62496736,39694,3,9,2008
1194,3.4829664,39695,4,9,2008
1195,3.4829664,39696,5,9,2008
1196,4.389104,39697,6,9,2008
1197,13.8469152,39698,7,9,2008
1198,12.4310752,39699,8,9,2008
1199,14.86632,39700,9,9,2008
1200,15.9140416,39701,10,9,2008
1201,14.6964192,39702,11,9,2008
1202,12.600976,39703,12,9,2008
1203,11.893056,39704,13,9,2008
1204,11.7797888,39705,14,9,2008
1205,10.5621664,39706,15,9,2008
1206,9.20296,39707,16,9,2008
1207,8.6932576,39708,17,9,2008
1208,8.070288,39709,18,9,2008
1209,7.4756352,39710,19,9,2008
1210,6.7110816,39711,20,9,2008
1211,6.1447456,39712,21,9,2008
1212,5.6067264,39713,22,9,2008
1213,4.5023712,39714,23,9,2008
1214,4.3607872,39715,24,9,2008
1215,4.0493024,39716,25,9,2008
1216,6.4279136,39717,26,9,2008
1217,11.8647392,39718,27,9,2008
1218,17.4714656,39719,28,9,2008
1219,20.0482944,39720,29,9,2008
1220,20.1332448,39721,30,9,2008
1221,21.1526496,39722,1,10,2008
1222,22.2853216,39723,2,10,2008
1223,21.3508672,39724,3,10,2008
1224,19.538592,39725,4,10,2008
1225,18.0661184,39726,5,10,2008
1226,17.0750304,39727,6,10,2008
1227,15.6308736,39728,7,10,2008
1228,14.441568,39729,8,10,2008
1229,13.2805792,39730,9,10,2008
1230,12.0912736,39731,10,10,2008
1231,10.9586016,39732,11,10,2008
1232,9.9958304,39733,12,10,2008
1233,9.0330592,39734,13,10,2008
1234,8.0419712,39735,14,10,2008
1235,7.78712,39736,15,10,2008
1236,8.2401888,39737,16,10,2008
1237,7.8437536,39738,17,10,2008
1238,7.3340512,39739,18,10,2008
1239,5.9182112,39740,19,10,2008
1240,5.4934592,39741,20,10,2008
1241,5.380192,39742,21,10,2008
1242,5.3235584,39743,22,10,2008
1243,5.1253408,39744,23,10,2008
1244,5.0403904,39745,24,10,2008
1245,5.0403904,39746,25,10,2008
1246,7.220784,39747,26,10,2008
1247,7.1075168,39748,27,10,2008
1248,8.7498912,39749,28,10,2008
1249,11.0718688,39750,29,10,2008
1250,10.6471168,39751,30,10,2008
1251,9.8825632,39752,31,10,2008
1252,9.1746432,39753,1,11,2008
1253,7.9003872,39754,2,11,2008
1254,6.8526656,39755,3,11,2008
1255,5.7199936,39756,4,11,2008
1256,5.4934592,39757,5,11,2008
1257,6.0597952,39758,6,11,2008
1258,7.7021696,39759,7,11,2008
1259,8.9481088,39760,8,11,2008
1260,9.627712,39761,9,11,2008
1261,9.4578112,39762,10,11,2008
1262,8.0419712,39763,11,11,2008
1263,8.6083072,39764,12,11,2008
1264,7.928704,39765,13,11,2008
1265,7.3906848,39766,14,11,2008
1266,7.3906848,39767,15,11,2008
1267,8.353456,39768,16,11,2008
1268,8.4100896,39769,17,11,2008
1269,7.928704,39770,18,11,2008
1270,7.928704,39771,19,11,2008
1271,7.7021696,39772,20,11,2008
1272,7.4473184,39773,21,11,2008
1273,7.0225664,39774,22,11,2008
1274,6.7393984,39775,23,11,2008
1275,6.4562304,39776,24,11,2008
1276,10.6188,39777,25,11,2008
1277,13.45048,39778,26,11,2008
1278,12.6859264,39779,27,11,2008
1279,12.74256,39780,28,11,2008
1280,13.733648,39781,29,11,2008
1281,15.1778048,39782,30,11,2008
1282,5.7483104,39965,1,6,2009
1283,5.2102912,39966,2,6,2009
1284,5.1536576,39967,3,6,2009
1285,4.8704896,39968,4,6,2009
1286,4.6439552,39969,5,6,2009
1287,4.3041536,39970,6,6,2009
1288,4.0209856,39971,7,6,2009
1289,3.7944512,39972,8,6,2009
1290,3.5679168,39973,9,6,2009
1291,3.4829664,39974,10,6,2009
1292,3.4829664,39975,11,6,2009
1293,5.4368256,39976,12,6,2009
1294,5.66336,39977,13,6,2009
1295,6.088112,39978,14,6,2009
1296,6.229696,39979,15,6,2009
1297,5.946528,39980,16,6,2009
1298,6.7677152,39981,17,6,2009
1299,6.8243488,39982,18,6,2009
1300,8.8348416,39983,19,6,2009
1301,8.8065248,39984,20,6,2009
1302,8.2968224,39985,21,6,2009
1303,9.2879104,39986,22,6,2009
1304,9.9391968,39987,23,6,2009
1305,10.0241472,39988,24,6,2009
1306,10.7037504,39989,25,6,2009
1307,10.3639488,39990,26,6,2009
1308,9.8542464,39991,27,6,2009
1309,9.4578112,39992,28,6,2009
1310,9.3728608,39993,29,6,2009
1311,7.9853376,39994,30,6,2009
1312,8.49504,39995,1,7,2009
1313,12.9407776,39996,2,7,2009
1314,15.0645376,39997,3,7,2009
1315,14.0734496,39998,4,7,2009
1316,13.6486976,39999,5,7,2009
1317,13.5637472,40000,6,7,2009
1318,14.8380032,40001,7,7,2009
1319,17.7829504,40002,8,7,2009
1320,15.6025568,40003,9,7,2009
1321,14.2433504,40004,10,7,2009
1322,13.9601824,40005,11,7,2009
1323,15.8007744,40006,12,7,2009
1324,14.4698848,40007,13,7,2009
1325,12.9690944,40008,14,7,2009
1326,12.74256,40009,15,7,2009
1327,11.5249376,40010,16,7,2009
1328,9.7126624,40011,17,7,2009
1329,10.2506816,40012,18,7,2009
1330,8.8914752,40013,19,7,2009
1331,7.5322688,40014,20,7,2009
1332,6.7393984,40015,21,7,2009
1333,7.5322688,40016,22,7,2009
1334,7.4756352,40017,23,7,2009
1335,17.556416,40018,24,7,2009
1336,19.11384,40019,25,7,2009
1337,16.4803776,40020,26,7,2009
1338,16.1688928,40021,27,7,2009
1339,17.7263168,40022,28,7,2009
1340,17.4714656,40023,29,7,2009
1341,18.6324544,40024,30,7,2009
1342,18.6041376,40025,31,7,2009
1343,18.4625536,40026,1,8,2009
1344,16.423744,40027,2,8,2009
1345,15.149488,40028,3,8,2009
1346,15.6025568,40029,4,8,2009
1347,14.724736,40030,5,8,2009
1348,13.1389952,40031,6,8,2009
1349,11.5249376,40032,7,8,2009
1350,10.4205824,40033,8,8,2009
1351,9.2879104,40034,9,8,2009
1352,7.9003872,40035,10,8,2009
1353,6.796032,40036,11,8,2009
1354,7.2774176,40037,12,8,2009
1355,6.512864,40038,13,8,2009
1356,6.088112,40039,14,8,2009
1357,5.66336,40040,15,8,2009
1358,5.6350432,40041,16,8,2009
1359,5.3518752,40042,17,8,2009
1360,4.8988064,40043,18,8,2009
1361,4.672272,40044,19,8,2009
1362,4.530688,40045,20,8,2009
1363,5.0687072,40046,21,8,2009
1364,4.7572224,40047,22,8,2009
1365,4.7572224,40048,23,8,2009
1366,3.964352,40049,24,8,2009
1367,3.7661344,40050,25,8,2009
1368,3.5679168,40051,26,8,2009
1369,3.5396,40052,27,8,2009
1370,4.1342528,40053,28,8,2009
1371,7.503952,40054,29,8,2009
1372,6.4279136,40055,30,8,2009
1373,7.8154368,40056,31,8,2009
1374,7.5322688,40057,1,9,2009
1375,7.6738528,40058,2,9,2009
1376,6.9659328,40059,3,9,2009
1377,5.9182112,40060,4,9,2009
1378,5.4934592,40061,5,9,2009
1379,4.8988064,40062,6,9,2009
1380,4.3324704,40063,7,9,2009
1381,3.7378176,40064,8,9,2009
1382,2.76655136,40065,9,9,2009
1383,3.1714816,40066,10,9,2009
1384,3.2847488,40067,11,9,2009
1385,6.9659328,40068,12,9,2009
1386,8.5516736,40069,13,9,2009
1387,7.1358336,40070,14,9,2009
1388,5.9182112,40071,15,9,2009
1389,6.229696,40072,16,9,2009
1390,5.6350432,40073,17,9,2009
1391,5.4651424,40074,18,9,2009
1392,4.95544,40075,19,9,2009
1393,4.4740544,40076,20,9,2009
1394,3.7944512,40077,21,9,2009
1395,2.76371968,40078,22,9,2009
1396,3.2281152,40079,23,9,2009
1397,3.1997984,40080,24,9,2009
1398,2.78354144,40081,25,9,2009
1399,3.0582144,40082,26,9,2009
1400,3.1997984,40083,27,9,2009
1401,3.114848,40084,28,9,2009
1402,3.964352,40085,29,9,2009
1403,3.4829664,40086,30,9,2009
1404,3.4829664,40087,1,10,2009
1405,3.7095008,40088,2,10,2009
1406,5.9748448,40089,3,10,2009
1407,7.4190016,40090,4,10,2009
1408,7.78712,40091,5,10,2009
1409,7.8720704,40092,6,10,2009
1410,9.2879104,40093,7,10,2009
1411,9.5144448,40094,8,10,2009
1412,9.0896928,40095,9,10,2009
1413,8.8065248,40096,10,10,2009
1414,7.928704,40097,11,10,2009
1415,7.1358336,40098,12,10,2009
1416,7.0508832,40099,13,10,2009
1417,6.5694976,40100,14,10,2009
1418,5.8332608,40101,15,10,2009
1419,5.804944,40102,16,10,2009
1420,5.4651424,40103,17,10,2009
1421,6.9092992,40104,18,10,2009
1422,9.4011776,40105,19,10,2009
1423,9.2595936,40106,20,10,2009
1424,9.4578112,40107,21,10,2009
1425,9.6843456,40108,22,10,2009
1426,9.91088,40109,23,10,2009
1427,9.5144448,40110,24,10,2009
1428,12.9974112,40111,25,10,2009
1429,11.7797888,40112,26,10,2009
1430,11.5249376,40113,27,10,2009
1431,13.6486976,40114,28,10,2009
1432,15.291072,40115,29,10,2009
1433,14.3849344,40116,30,10,2009
1434,13.8185984,40117,31,10,2009
1435,13.7053312,40118,1,11,2009
1436,12.884144,40119,2,11,2009
1437,11.3550368,40120,3,11,2009
1438,10.1657312,40121,4,11,2009
1439,9.2879104,40122,5,11,2009
1440,8.5516736,40123,6,11,2009
1441,8.0986048,40124,7,11,2009
1442,7.4756352,40125,8,11,2009
1443,6.937616,40126,9,11,2009
1444,6.3429632,40127,10,11,2009
1445,6.4845472,40128,11,11,2009
1446,6.2013792,40129,12,11,2009
1447,5.7483104,40130,13,11,2009
1448,12.3461248,40131,14,11,2009
1449,19.0572064,40132,15,11,2009
1450,20.5013632,40133,16,11,2009
1451,21.7189856,40134,17,11,2009
1452,21.9172032,40135,18,11,2009
1453,20.1898784,40136,19,11,2009
1454,18.1793856,40137,20,11,2009
1455,17.556416,40138,21,11,2009
1456,16.2538432,40139,22,11,2009
1457,15.0928544,40140,23,11,2009
1458,14.441568,40141,24,11,2009
1459,13.7619648,40142,25,11,2009
1460,13.025728,40143,26,11,2009
1461,14.016816,40144,27,11,2009
1462,14.3283008,40145,28,11,2009
1463,13.7053312,40146,29,11,2009
1464,14.0734496,40147,30,11,2009
1465,5.6350432,40330,1,6,2010
1466,5.380192,40331,2,6,2010
1467,5.521776,40332,3,6,2010
1468,5.521776,40333,4,6,2010
1469,7.6172192,40334,5,6,2010
1470,9.0047424,40335,6,6,2010
1471,9.2595936,40336,7,6,2010
1472,7.362368,40337,8,6,2010
1473,6.512864,40338,9,6,2010
1474,6.5411808,40339,10,6,2010
1475,6.1730624,40340,11,6,2010
1476,6.088112,40341,12,6,2010
1477,6.2013792,40342,13,6,2010
1478,6.1730624,40343,14,6,2010
1479,5.946528,40344,15,6,2010
1480,5.5784096,40345,16,6,2010
1481,5.2102912,40346,17,6,2010
1482,4.7572224,40347,18,6,2010
1483,4.1908864,40348,19,6,2010
1484,4.2192032,40349,20,6,2010
1485,5.4368256,40350,21,6,2010
1486,4.1625696,40351,22,6,2010
1487,3.822768,40352,23,6,2010
1488,3.9926688,40353,24,6,2010
1489,4.105936,40354,25,6,2010
1490,3.3130656,40355,26,6,2010
1491,3.0015808,40356,27,6,2010
1492,2.9449472,40357,28,6,2010
1493,2.7467296,40358,29,6,2010
1494,2.4635616,40359,30,6,2010
1495,2.24552224,40360,1,7,2010
1496,2.04164128,40361,2,7,2010
1497,1.9255424,40362,3,7,2010
1498,1.77829504,40363,4,7,2010
1499,1.61972096,40364,5,7,2010
1500,1.5007904,40365,6,7,2010
1501,1.41867168,40366,7,7,2010
1502,1.36486976,40367,8,7,2010
1503,1.29690944,40368,9,7,2010
1504,2.22570048,40369,10,7,2010
1505,3.1714816,40370,11,7,2010
1506,2.29649248,40371,12,7,2010
1507,1.7839584,40372,13,7,2010
1508,1.77546336,40373,14,7,2010
1509,1.65370112,40374,15,7,2010
1510,1.58857248,40375,16,7,2010
1511,1.73015648,40376,17,7,2010
1512,1.60556256,40377,18,7,2010
1513,1.4724736,40378,19,7,2010
1514,1.39884992,40379,20,7,2010
1515,1.28275104,40380,21,7,2010
1516,1.20629568,40381,22,7,2010
1517,1.19780064,40382,23,7,2010
1518,1.4299984,40383,24,7,2010
1519,1.43849344,40384,25,7,2010
1520,1.36203808,40385,26,7,2010
1521,1.46681024,40386,27,7,2010
1522,1.73298816,40387,28,7,2010
1523,1.73298816,40388,29,7,2010
1524,1.58007744,40389,30,7,2010
1525,1.38185984,40390,31,7,2010
1526,1.26859264,40391,1,8,2010
1527,1.21195904,40392,2,8,2010
1528,1.17231552,40393,3,8,2010
1529,1.12700864,40394,4,8,2010
1530,1.132672,40395,5,8,2010
1531,2.13225504,40396,6,8,2010
1532,1.99916608,40397,7,8,2010
1533,1.60839424,40398,8,8,2010
1534,1.36770144,40399,9,8,2010
1535,1.2459392,40400,10,8,2010
1536,1.19496896,40401,11,8,2010
1537,1.132672,40402,12,8,2010
1538,1.1043552,40403,13,8,2010
1539,1.06188,40404,14,8,2010
1540,1.02223648,40405,15,8,2010
1541,1.00241472,40406,16,8,2010
1542,0.97126624,40407,17,8,2010
1543,0.90896928,40408,18,8,2010
1544,0.83817728,40409,19,8,2010
1545,0.75322688,40410,20,8,2010
1546,0.74756352,40411,21,8,2010
1547,0.7503952,40412,22,8,2010
1548,0.86083072,40413,23,8,2010
1549,1.06188,40414,24,8,2010
1550,12.0629568,40415,25,8,2010
1551,11.4399872,40416,26,8,2010
1552,7.5889024,40417,27,8,2010
1553,6.0031616,40418,28,8,2010
1554,5.0120736,40419,29,8,2010
1555,4.4740544,40420,30,8,2010
1556,5.8615776,40421,31,8,2010
1557,6.937616,40422,1,9,2010
1558,4.0209856,40423,2,9,2010
1559,2.65894752,40424,3,9,2010
1560,2.55134368,40425,4,9,2010
1561,1.20063232,40426,5,9,2010
1562,1.8830672,40427,6,9,2010
1563,1.91421568,40428,7,9,2010
1564,2.1096016,40429,8,9,2010
1565,1.72449312,40430,9,9,2010
1566,1.31106784,40431,10,9,2010
1567,1.132672,40432,11,9,2010
1568,1.1893056,40433,12,9,2010
1569,1.20912736,40434,13,9,2010
1570,1.274256,40435,14,9,2010
1571,0.95710784,40436,15,9,2010
1572,0.86649408,40437,16,9,2010
1573,0.89481088,40438,17,9,2010
1574,0.90047424,40439,18,9,2010
1575,0.85799904,40440,19,9,2010
1576,0.7928704,40441,20,9,2010
1577,0.7220784,40442,21,9,2010
1578,0.65411808,40443,22,9,2010
1579,0.60597952,40444,23,9,2010
1580,0.56067264,40445,24,9,2010
1581,0.5238608,40446,25,9,2010
1582,0.49837568,40447,26,9,2010
1583,0.47005888,40448,27,9,2010
1584,0.991088,40449,28,9,2010
1585,1.94819584,40450,29,9,2010
1586,1.53477056,40451,30,9,2010
1587,1.99350272,40452,1,10,2010
1588,2.70142272,40453,2,10,2010
1589,2.23985888,40454,3,10,2010
1590,2.24552224,40455,4,10,2010
1591,1.47813696,40456,5,10,2010
1592,5.3235584,40457,6,10,2010
1593,9.2879104,40458,7,10,2010
1594,9.0330592,40459,8,10,2010
1595,9.3728608,40460,9,10,2010
1596,9.0330592,40461,10,10,2010
1597,7.7021696,40462,11,10,2010
1598,6.2580128,40463,12,10,2010
1599,4.8704896,40464,13,10,2010
1600,3.8794016,40465,14,10,2010
1601,9.91088,40466,15,10,2010
1602,8.6649408,40467,16,10,2010
1603,8.2685056,40468,17,10,2010
1604,8.4384064,40469,18,10,2010
1605,9.1746432,40470,19,10,2010
1606,8.6649408,40471,20,10,2010
1607,7.1641504,40472,21,10,2010
1608,5.6067264,40473,22,10,2010
1609,4.5590048,40474,23,10,2010
1610,3.9077184,40475,24,10,2010
1611,3.5962336,40476,25,10,2010
1612,3.3130656,40477,26,10,2010
1613,3.3696992,40478,27,10,2010
1614,3.4829664,40479,28,10,2010
1615,3.2847488,40480,29,10,2010
1616,3.1431648,40481,30,10,2010
1617,2.9449472,40482,31,10,2010
1618,2.78637312,40483,1,11,2010
1619,2.6476208,40484,2,11,2010
1620,2.67310592,40485,3,11,2010
1621,3.7095008,40486,4,11,2010
1622,5.804944,40487,5,11,2010
1623,5.5500928,40488,6,11,2010
1624,5.5500928,40489,7,11,2010
1625,7.7021696,40490,8,11,2010
1626,9.4294944,40491,9,11,2010
1627,9.7126624,40492,10,11,2010
1628,9.627712,40493,11,11,2010
1629,9.0896928,40494,12,11,2010
1630,8.2685056,40495,13,11,2010
1631,7.5322688,40496,14,11,2010
1632,6.7677152,40497,15,11,2010
1633,5.9748448,40498,16,11,2010
1634,8.8065248,40499,17,11,2010
1635,8.2968224,40500,18,11,2010
1636,8.1269216,40501,19,11,2010
1637,8.4667232,40502,20,11,2010
1638,8.2968224,40503,21,11,2010
1639,7.9853376,40504,22,11,2010
1640,8.4384064,40505,23,11,2010
1641,8.0986048,40506,24,11,2010
1642,7.7304864,40507,25,11,2010
1643,7.5889024,40508,26,11,2010
1644,7.1075168,40509,27,11,2010
1645,6.7393984,40510,28,11,2010
1646,6.5694976,40511,29,11,2010
1647,6.3995968,40512,30,11,2010
1648,7.1358336,40695,1,6,2011
1649,9.1463264,40696,2,6,2011
1650,8.211872,40697,3,6,2011
1651,8.1552384,40698,4,6,2011
1652,8.1552384,40699,5,6,2011
1653,7.5322688,40700,6,6,2011
1654,7.4756352,40701,7,6,2011
1655,6.8243488,40702,8,6,2011
1656,6.4562304,40703,9,6,2011
1657,6.6261312,40704,10,6,2011
1658,6.229696,40705,11,6,2011
1659,8.6932576,40706,12,6,2011
1660,8.5516736,40707,13,6,2011
1661,8.3817728,40708,14,6,2011
1662,7.9570208,40709,15,6,2011
1663,8.3251392,40710,16,6,2011
1664,8.2685056,40711,17,6,2011
1665,7.6738528,40712,18,6,2011
1666,6.7110816,40713,19,6,2011
1667,5.946528,40714,20,6,2011
1668,4.5873216,40715,21,6,2011
1669,5.0120736,40716,22,6,2011
1670,8.5233568,40717,23,6,2011
1671,8.1552384,40718,24,6,2011
1672,9.2312768,40719,25,6,2011
1673,10.1090976,40720,26,6,2011
1674,9.6843456,40721,27,6,2011
1675,9.2595936,40722,28,6,2011
1676,9.1463264,40723,29,6,2011
1677,8.3817728,40724,30,6,2011
1678,7.5605856,40725,1,7,2011
1679,6.5411808,40726,2,7,2011
1680,5.804944,40727,3,7,2011
1681,5.1536576,40728,4,7,2011
1682,4.5873216,40729,5,7,2011
1683,3.4829664,40730,6,7,2011
1684,3.3696992,40731,7,7,2011
1685,3.5396,40732,8,7,2011
1686,4.0776192,40733,9,7,2011
1687,3.9077184,40734,10,7,2011
1688,3.822768,40735,11,7,2011
1689,3.822768,40736,12,7,2011
1690,3.7095008,40737,13,7,2011
1691,4.3607872,40738,14,7,2011
1692,3.5396,40739,15,7,2011
1693,3.1431648,40740,16,7,2011
1694,2.9449472,40741,17,7,2011
1695,2.7184128,40742,18,7,2011
1696,2.5060368,40743,19,7,2011
1697,2.33330432,40744,20,7,2011
1698,2.15490848,40745,21,7,2011
1699,1.911384,40746,22,7,2011
1700,2.0246512,40747,23,7,2011
1701,1.90572064,40748,24,7,2011
1702,1.8122752,40749,25,7,2011
1703,2.01332448,40750,26,7,2011
1704,1.89439392,40751,27,7,2011
1705,1.76130496,40752,28,7,2011
1706,1.73581984,40753,29,7,2011
1707,2.00482944,40754,30,7,2011
1708,1.80094848,40755,31,7,2011
1709,1.66502784,40756,1,8,2011
1710,1.68768128,40757,2,8,2011
1711,1.97934432,40758,3,8,2011
1712,1.5432656,40759,4,8,2011
1713,1.3167312,40760,5,8,2011
1714,1.04205824,40761,6,8,2011
1715,2.79769984,40762,7,8,2011
1716,4.7289056,40763,8,8,2011
1717,4.6439552,40764,9,8,2011
1718,14.583152,40765,10,8,2011
1719,12.459392,40766,11,8,2011
1720,10.5055328,40767,12,8,2011
1721,10.5055328,40768,13,8,2011
1722,10.1374144,40769,14,8,2011
1723,11.4399872,40770,15,8,2011
1724,12.4310752,40771,16,8,2011
1725,11.2984032,40772,17,8,2011
1726,10.1090976,40773,18,8,2011
1727,9.5427616,40774,19,8,2011
1728,10.1374144,40775,20,8,2011
1729,9.0896928,40776,21,8,2011
1730,8.8348416,40777,22,8,2011
1731,7.4190016,40778,23,8,2011
1732,5.5784096,40779,24,8,2011
1733,5.9748448,40780,25,8,2011
1734,7.4473184,40781,26,8,2011
1735,9.8542464,40782,27,8,2011
1736,26.2496736,40783,28,8,2011
1737,22.3419552,40784,29,8,2011
1738,20.246512,40785,30,8,2011
1739,19.7368096,40786,31,8,2011
1740,19.6518592,40787,1,9,2011
1741,18.7740384,40788,2,9,2011
1742,18.0094848,40789,3,9,2011
1743,16.848496,40790,4,9,2011
1744,15.2344384,40791,5,9,2011
1745,15.6591904,40792,6,9,2011
1746,16.5936448,40793,7,9,2011
1747,21.6906688,40794,8,9,2011
1748,23.5312608,40795,9,9,2011
1749,22.5401728,40796,10,9,2011
1750,21.7756192,40797,11,9,2011
1751,20.9827488,40798,12,9,2011
1752,20.1615616,40799,13,9,2011
1753,18.8023552,40800,14,9,2011
1754,17.981168,40801,15,9,2011
1755,16.5936448,40802,16,9,2011
1756,15.3760224,40803,17,9,2011
1757,13.8469152,40804,18,9,2011
1758,12.6292928,40805,19,9,2011
1759,12.0912736,40806,20,9,2011
1760,11.0718688,40807,21,9,2011
1761,10.4205824,40808,22,9,2011
1762,9.9675136,40809,23,9,2011
1763,13.4221632,40810,24,9,2011
1764,13.025728,40811,25,9,2011
1765,12.884144,40812,26,9,2011
1766,12.459392,40813,27,9,2011
1767,11.2984032,40814,28,9,2011
1768,13.1389952,40815,29,9,2011
1769,15.149488,40816,30,9,2011
1770,16.5086944,40817,1,10,2011
1771,16.7918624,40818,2,10,2011
1772,15.8857248,40819,3,10,2011
1773,19.397008,40820,4,10,2011
1774,19.0855232,40821,5,10,2011
1775,17.2166144,40822,6,10,2011
1776,16.0273088,40823,7,10,2011
1777,15.2061216,40824,8,10,2011
1778,14.4698848,40825,9,10,2011
1779,13.4787968,40826,10,10,2011
1780,12.1479072,40827,11,10,2011
1781,10.3922656,40828,12,10,2011
1782,12.9124608,40829,13,10,2011
1783,15.007904,40830,14,10,2011
1784,17.2166144,40831,15,10,2011
1785,16.3671104,40832,16,10,2011
1786,15.6591904,40833,17,10,2011
1787,15.6308736,40834,18,10,2011
1788,18.2077024,40835,19,10,2011
1789,24.5506656,40836,20,10,2011
1790,23.219776,40837,21,10,2011
1791,21.7473024,40838,22,10,2011
1792,21.2942336,40839,23,10,2011
1793,20.8694816,40840,24,10,2011
1794,20.0482944,40841,25,10,2011
1795,19.6235424,40842,26,10,2011
1796,19.7084928,40843,27,10,2011
1797,19.8783936,40844,28,10,2011
1798,19.538592,40845,29,10,2011
1799,22.9082912,40846,30,10,2011
1800,23.3330432,40847,31,10,2011
1801,22.9932416,40848,1,11,2011
1802,22.7383904,40849,2,11,2011
1803,22.4552224,40850,3,11,2011
1804,21.803936,40851,4,11,2011
1805,20.0482944,40852,5,11,2011
1806,18.1793856,40853,6,11,2011
1807,17.2449312,40854,7,11,2011
1808,16.2255264,40855,8,11,2011
1809,15.291072,40856,9,11,2011
1810,15.7724576,40857,10,11,2011
1811,16.6219616,40858,11,11,2011
1812,15.8007744,40859,12,11,2011
1813,15.149488,40860,13,11,2011
1814,14.2150336,40861,14,11,2011
1815,13.4787968,40862,15,11,2011
1816,14.3283008,40863,16,11,2011
1817,16.9051296,40864,17,11,2011
1818,15.8290912,40865,18,11,2011
1819,15.8007744,40866,19,11,2011
1820,15.57424,40867,20,11,2011
1821,15.291072,40868,21,11,2011
1822,15.291072,40869,22,11,2011
1823,20.0199776,40870,23,11,2011
1824,19.7934432,40871,24,11,2011
1825,19.5669088,40872,25,11,2011
1826,19.397008,40873,26,11,2011
1827,19.4253248,40874,27,11,2011
1828,19.2837408,40875,28,11,2011
1829,18.8873056,40876,29,11,2011
1830,22.3419552,40877,30,11,2011