date,flow ,flow_mmsec,day,month,year
37408,3.9926688,2.23617E-19,1,6,2002
37409,3.2847488,1.83969E-19,2,6,2002
37410,2.3078192,1.29254E-19,3,6,2002
37411,1.840592,1.03086E-19,4,6,2002
37412,1.70183968,9.5315E-20,5,6,2002
37413,2.59381888,1.45272E-19,6,6,2002
37414,5.9182112,3.31461E-19,7,6,2002
37415,5.521776,3.09258E-19,8,6,2002
37416,3.9077184,2.1886E-19,9,6,2002
37417,2.9166304,1.63352E-19,10,6,2002
37418,2.31631424,1.2973E-19,11,6,2002
37419,3.5396,1.98242E-19,12,6,2002
37420,7.5322688,4.2186E-19,13,6,2002
37421,5.9748448,3.34633E-19,14,6,2002
37422,5.2102912,2.91813E-19,15,6,2002
37423,6.654448,3.72696E-19,16,6,2002
37424,5.946528,3.33047E-19,17,6,2002
37425,4.530688,2.5375E-19,18,6,2002
37426,3.4829664,1.95071E-19,19,6,2002
37427,2.9449472,1.64938E-19,20,6,2002
37428,2.62779904,1.47175E-19,21,6,2002
37429,2.973264,1.66524E-19,22,6,2002
37430,4.5023712,2.52164E-19,23,6,2002
37431,4.8704896,2.72782E-19,24,6,2002
37432,3.964352,2.22032E-19,25,6,2002
37433,2.8883136,1.61766E-19,26,6,2002
37434,2.2511856,1.26082E-19,27,6,2002
37435,2.25401728,1.26241E-19,28,6,2002
37436,2.83168,1.58594E-19,29,6,2002
37437,2.63629408,1.47651E-19,30,6,2002
37438,2.18322528,1.22276E-19,1,7,2002
37439,1.7981168,1.00707E-19,2,7,2002
37440,1.56025568,8.73853E-20,3,7,2002
37441,1.37053312,7.67595E-20,4,7,2002
37442,1.16665216,6.53407E-20,5,7,2002
37443,0.99958304,5.59837E-20,6,7,2002
37444,0.90330592,5.05915E-20,7,7,2002
37445,0.84100896,4.71024E-20,8,7,2002
37446,0.72774176,4.07586E-20,9,7,2002
37447,0.71924672,4.02829E-20,10,7,2002
37448,0.6088112,3.40977E-20,11,7,2002
37449,0.56350432,3.15602E-20,12,7,2002
37450,0.51253408,2.87055E-20,13,7,2002
37451,0.5097024,2.85469E-20,14,7,2002
37452,0.51253408,2.87055E-20,15,7,2002
37453,0.495544,2.77539E-20,16,7,2002
37454,0.46156384,2.58508E-20,17,7,2002
37455,0.4530688,2.5375E-20,18,7,2002
37456,0.43041536,2.41063E-20,19,7,2002
37457,0.424752,2.37891E-20,20,7,2002
37458,0.424752,2.37891E-20,21,7,2002
37459,0.39926688,2.23617E-20,22,7,2002
37460,0.37944512,2.12516E-20,23,7,2002
37461,0.43324704,2.42649E-20,24,7,2002
37462,0.34546496,1.93485E-20,25,7,2002
37463,0.3114848,1.74453E-20,26,7,2002
37464,0.31431648,1.76039E-20,27,7,2002
37465,0.3114848,1.74453E-20,28,7,2002
37466,0.32847488,1.83969E-20,29,7,2002
37467,0.30582144,1.71281E-20,30,7,2002
37468,0.26759376,1.49871E-20,31,7,2002
37469,0.243241312,1.36232E-20,1,8,2002
37470,0.227100736,1.27192E-20,2,8,2002
37471,0.195102752,1.09271E-20,3,8,2002
37472,0.186607712,1.04513E-20,4,8,2002
37473,0.182926528,1.02452E-20,5,8,2002
37474,0.167352288,9.3729E-21,6,8,2002
37475,0.141300832,7.91384E-21,7,8,2002
37476,0.121479072,6.80368E-21,8,8,2002
37477,0.112700864,6.31204E-21,9,8,2002
37478,0.108736512,6.09001E-21,10,8,2002
37479,0.118364224,6.62923E-21,11,8,2002
37480,0.121195904,6.78782E-21,12,8,2002
37481,0.147813696,8.2786E-21,13,8,2002
37482,0.197651264,1.10699E-20,14,8,2002
37483,0.11185136,6.26446E-21,15,8,2002
37484,0.09486128,5.3129E-21,16,8,2002
37485,0.085799904,4.8054E-21,17,8,2002
37486,0.087498912,4.90055E-21,18,8,2002
37487,0.091746432,5.13844E-21,19,8,2002
37488,0.088631584,4.96399E-21,20,8,2002
37489,0.086083072,4.82126E-21,21,8,2002
37490,0.071075168,3.98071E-21,22,8,2002
37491,0.089764256,5.02743E-21,23,8,2002
37492,0.085516736,4.78954E-21,24,8,2002
37493,0.097409792,5.45563E-21,25,8,2002
37494,0.09061376,5.07501E-21,26,8,2002
37495,0.081552384,4.56751E-21,27,8,2002
37496,0.068526656,3.83797E-21,28,8,2002
37497,0.072774176,4.07586E-21,29,8,2002
37498,0.2973264,1.66524E-20,30,8,2002
37499,0.166785952,9.34118E-21,31,8,2002
37500,0.14441568,8.08829E-21,1,9,2002
37501,0.153193888,8.57993E-21,2,9,2002
37502,0.17273248,9.67423E-21,3,9,2002
37503,0.192271072,1.07685E-20,4,9,2002
37504,0.170750304,9.56322E-21,5,9,2002
37505,0.158290912,8.8654E-21,6,9,2002
37506,0.12459392,6.97813E-21,7,9,2002
37507,0.0991088,5.55079E-21,8,9,2002
37508,0.101374144,5.67766E-21,9,9,2002
37509,0.096560288,5.40805E-21,10,9,2002
37510,0.075605856,4.23446E-21,11,9,2002
37511,0.071075168,3.98071E-21,12,9,2002
37512,0.064845472,3.6318E-21,13,9,2002
37513,0.05804944,3.25118E-21,14,9,2002
37514,0.0566336,3.17188E-21,15,9,2002
37515,0.35962336,2.01414E-20,16,9,2002
37516,0.40776192,2.28375E-20,17,9,2002
37517,0.278070976,1.55739E-20,18,9,2002
37518,0.188589888,1.05624E-20,19,9,2002
37519,0.164803776,9.23017E-21,20,9,2002
37520,0.138469152,7.75524E-21,21,9,2002
37521,0.125726592,7.04157E-21,22,9,2002
37522,0.208977984,1.17042E-20,23,9,2002
37523,0.21662352,1.21324E-20,24,9,2002
37524,0.142433504,7.97728E-21,25,9,2002
37525,0.128275104,7.18431E-21,26,9,2002
37526,0.15007904,8.40548E-21,27,9,2002
37527,0.3398016,1.90313E-20,28,9,2002
37528,0.29166304,1.63352E-20,29,9,2002
37529,0.258249216,1.44638E-20,30,9,2002
37530,0.246072992,1.37818E-20,1,10,2002
37531,0.218888864,1.22593E-20,2,10,2002
37532,0.197651264,1.10699E-20,3,10,2002
37533,0.165936448,9.29361E-21,4,10,2002
37534,0.204730464,1.14663E-20,5,10,2002
37535,0.194253248,1.08795E-20,6,10,2002
37536,0.187457216,1.04989E-20,7,10,2002
37537,0.187174048,1.04831E-20,8,10,2002
37538,0.16423744,9.19845E-21,9,10,2002
37539,0.140734496,7.88212E-21,10,10,2002
37540,0.145548352,8.15173E-21,11,10,2002
37541,0.171033472,9.57907E-21,12,10,2002
37542,0.1911384,1.07051E-20,13,10,2002
37543,0.46439552,2.60094E-20,14,10,2002
37544,0.32281152,1.80797E-20,15,10,2002
37545,0.35679168,1.99828E-20,16,10,2002
37546,0.991088,5.55079E-20,17,10,2002
37547,0.95710784,5.36048E-20,18,10,2002
37548,0.74473184,4.17102E-20,19,10,2002
37549,0.56067264,3.14016E-20,20,10,2002
37550,0.44740544,2.50578E-20,21,10,2002
37551,0.35396,1.98242E-20,22,10,2002
37552,0.33413824,1.87141E-20,23,10,2002
37553,0.39360352,2.20446E-20,24,10,2002
37554,0.59748448,3.34633E-20,25,10,2002
37555,1.0194048,5.70938E-20,26,10,2002
37556,2.09261152,1.17201E-19,27,10,2002
37557,1.911384,1.07051E-19,28,10,2002
37558,1.36203808,7.62837E-20,29,10,2002
37559,1.12984032,6.3279E-20,30,10,2002
37560,1.01374144,5.67766E-20,31,10,2002
37561,0.9344544,5.2336E-20,1,11,2002
37562,0.81269216,4.55165E-20,2,11,2002
37563,0.76172192,4.26618E-20,3,11,2002
37564,0.71641504,4.01243E-20,4,11,2002
37565,0.6937616,3.88555E-20,5,11,2002
37566,1.12700864,6.31204E-20,6,11,2002
37567,1.61122592,9.024E-20,7,11,2002
37568,1.6706912,9.35704E-20,8,11,2002
37569,1.37902816,7.72353E-20,9,11,2002
37570,1.2176224,6.81954E-20,10,11,2002
37571,1.14399872,6.4072E-20,11,11,2002
37572,1.132672,6.34376E-20,12,11,2002
37573,2.50037344,1.40038E-19,13,11,2002
37574,3.3413824,1.87141E-19,14,11,2002
37575,2.45506656,1.37501E-19,15,11,2002
37576,2.04164128,1.14346E-19,16,11,2002
37577,2.34746272,1.31474E-19,17,11,2002
37578,3.3130656,1.85555E-19,18,11,2002
37579,3.5962336,2.01414E-19,19,11,2002
37580,2.8883136,1.61766E-19,20,11,2002
37581,2.548512,1.42735E-19,21,11,2002
37582,3.3130656,1.85555E-19,22,11,2002
37583,6.088112,3.40977E-19,23,11,2002
37584,6.1164288,3.42563E-19,24,11,2002
37585,4.672272,2.6168E-19,25,11,2002
37586,3.8794016,2.17274E-19,26,11,2002
37587,3.5112832,1.96656E-19,27,11,2002
37588,3.0582144,1.71281E-19,28,11,2002
37589,2.52302688,1.41307E-19,29,11,2002
37590,2.44373984,1.36867E-19,30,11,2002
37773,5.3235584,2.98157E-19,1,6,2003
37774,5.9748448,3.34633E-19,2,6,2003
37775,4.6156384,2.58508E-19,3,6,2003
37776,3.5396,1.98242E-19,4,6,2003
37777,3.0298976,1.69696E-19,5,6,2003
37778,2.9449472,1.64938E-19,6,6,2003
37779,2.72407616,1.52567E-19,7,6,2003
37780,2.73540288,1.53202E-19,8,6,2003
37781,2.58249216,1.44638E-19,9,6,2003
37782,2.43807648,1.36549E-19,10,6,2003
37783,2.21720544,1.24179E-19,11,6,2003
37784,2.05013632,1.14822E-19,12,6,2003
37785,1.840592,1.03086E-19,13,6,2003
37786,2.20021536,1.23227E-19,14,6,2003
37787,2.47772,1.3877E-19,15,6,2003
37788,2.10393824,1.17835E-19,16,6,2003
37789,1.77546336,9.94384E-20,17,6,2003
37790,1.56875072,8.7861E-20,18,6,2003
37791,1.52627552,8.54821E-20,19,6,2003
37792,1.699008,9.51564E-20,20,6,2003
37793,1.56875072,8.7861E-20,21,6,2003
37794,1.43849344,8.05657E-20,22,6,2003
37795,1.66502784,9.32532E-20,23,6,2003
37796,1.67352288,9.3729E-20,24,6,2003
37797,1.5998992,8.96056E-20,25,6,2003
37798,1.39601824,7.81868E-20,26,6,2003
37799,1.30540448,7.31118E-20,27,6,2003
37800,1.4299984,8.00899E-20,28,6,2003
37801,1.25160256,7.00985E-20,29,6,2003
37802,1.04205824,5.83626E-20,30,6,2003
37803,0.91463264,5.12258E-20,1,7,2003
37804,0.7928704,4.44063E-20,2,7,2003
37805,0.71641504,4.01243E-20,3,7,2003
37806,0.66827648,3.74282E-20,4,7,2003
37807,0.62013792,3.47321E-20,5,7,2003
37808,0.57483104,3.21946E-20,6,7,2003
37809,0.54085088,3.02914E-20,7,7,2003
37810,0.51253408,2.87055E-20,8,7,2003
37811,0.48421728,2.71196E-20,9,7,2003
37812,0.47855392,2.68024E-20,10,7,2003
37813,0.4813856,2.6961E-20,11,7,2003
37814,0.54368256,3.045E-20,12,7,2003
37815,0.57483104,3.21946E-20,13,7,2003
37816,0.50687072,2.83883E-20,14,7,2003
37817,0.4672272,2.6168E-20,15,7,2003
37818,0.48704896,2.72782E-20,16,7,2003
37819,0.93162272,5.21774E-20,17,7,2003
37820,0.83251392,4.66266E-20,18,7,2003
37821,0.77588032,4.34547E-20,19,7,2003
37822,0.67110816,3.75868E-20,20,7,2003
37823,0.57483104,3.21946E-20,21,7,2003
37824,0.5238608,2.93399E-20,22,7,2003
37825,0.52102912,2.91813E-20,23,7,2003
37826,0.5097024,2.85469E-20,24,7,2003
37827,0.5097024,2.85469E-20,25,7,2003
37828,0.4672272,2.6168E-20,26,7,2003
37829,0.43324704,2.42649E-20,27,7,2003
37830,0.40493024,2.26789E-20,28,7,2003
37831,0.34546496,1.93485E-20,29,7,2003
37832,0.30582144,1.71281E-20,30,7,2003
37833,0.30015808,1.6811E-20,31,7,2003
37834,0.3964352,2.22032E-20,1,8,2003
37835,1.15532544,6.47063E-20,2,8,2003
37836,1.5432656,8.64337E-20,3,8,2003
37837,1.4441568,8.08829E-20,4,8,2003
37838,1.2317808,6.89884E-20,5,8,2003
37839,1.12984032,6.3279E-20,6,8,2003
37840,1.39884992,7.83454E-20,7,8,2003
37841,2.194552,1.2291E-19,8,8,2003
37842,1.9963344,1.11809E-19,9,8,2003
37843,1.74714656,9.78525E-20,10,8,2003
37844,1.53193888,8.57993E-20,11,8,2003
37845,1.5715824,8.80196E-20,12,8,2003
37846,2.28233408,1.27827E-19,13,8,2003
37847,2.38427456,1.33536E-19,14,8,2003
37848,1.99916608,1.11967E-19,15,8,2003
37849,1.57441408,8.81782E-20,16,8,2003
37850,1.25443424,7.02571E-20,17,8,2003
37851,1.07037504,5.99485E-20,18,8,2003
37852,0.97976128,5.48735E-20,19,8,2003
37853,0.95710784,5.36048E-20,20,8,2003
37854,0.84384064,4.7261E-20,21,8,2003
37855,0.71358336,3.99657E-20,22,8,2003
37856,0.63429632,3.5525E-20,23,8,2003
37857,0.56916768,3.18774E-20,24,8,2003
37858,0.48704896,2.72782E-20,25,8,2003
37859,0.41342528,2.31547E-20,26,8,2003
37860,0.36528672,2.04586E-20,27,8,2003
37861,0.32281152,1.80797E-20,28,8,2003
37862,0.29449472,1.64938E-20,29,8,2003
37863,0.28599968,1.6018E-20,30,8,2003
37864,0.28599968,1.6018E-20,31,8,2003
37865,0.28599968,1.6018E-20,1,9,2003
37866,0.34546496,1.93485E-20,2,9,2003
37867,0.3398016,1.90313E-20,3,9,2003
37868,0.5946528,3.33047E-20,4,9,2003
37869,0.57766272,3.23532E-20,5,9,2003
37870,0.47289056,2.64852E-20,6,9,2003
37871,0.47572224,2.66438E-20,7,9,2003
37872,0.43607872,2.44235E-20,8,9,2003
37873,0.34829664,1.95071E-20,9,9,2003
37874,0.29449472,1.64938E-20,10,9,2003
37875,0.267876928,1.5003E-20,11,9,2003
37876,0.262779904,1.47175E-20,12,9,2003
37877,0.248055168,1.38928E-20,13,9,2003
37878,0.245789824,1.3766E-20,14,9,2003
37879,0.248904672,1.39404E-20,15,9,2003
37880,0.91180096,5.10673E-20,16,9,2003
37881,0.71924672,4.02829E-20,17,9,2003
37882,0.58615776,3.28289E-20,18,9,2003
37883,0.82968224,4.6468E-20,19,9,2003
37884,1.46397856,8.19931E-20,20,9,2003
37885,1.41867168,7.94556E-20,21,9,2003
37886,1.05055328,5.88384E-20,22,9,2003
37887,1.37619648,7.70767E-20,23,9,2003
37888,4.105936,2.29961E-19,24,9,2003
37889,3.7661344,2.1093E-19,25,9,2003
37890,3.0015808,1.6811E-19,26,9,2003
37891,2.6334624,1.47492E-19,27,9,2003
37892,2.38710624,1.33695E-19,28,9,2003
37893,2.12942336,1.19263E-19,29,9,2003
37894,1.96235424,1.09906E-19,30,9,2003
37895,1.73015648,9.69009E-20,1,10,2003
37896,1.64803776,9.23017E-20,2,10,2003
37897,1.44982016,8.12001E-20,3,10,2003
37898,1.50362208,8.42134E-20,4,10,2003
37899,1.67918624,9.40462E-20,5,10,2003
37900,1.52627552,8.54821E-20,6,10,2003
37901,1.52061216,8.5165E-20,7,10,2003
37902,1.4441568,8.08829E-20,8,10,2003
37903,1.43566176,8.04071E-20,9,10,2003
37904,1.3875232,7.7711E-20,10,10,2003
37905,1.48380032,8.31032E-20,11,10,2003
37906,1.38469152,7.75524E-20,12,10,2003
37907,1.03073152,5.77282E-20,13,10,2003
37908,0.90896928,5.09087E-20,14,10,2003
37909,4.3324704,2.42649E-19,15,10,2003
37910,10.6471168,5.96313E-19,16,10,2003
37911,7.4756352,4.18688E-19,17,10,2003
37912,4.9271232,2.75953E-19,18,10,2003
37913,3.964352,2.22032E-19,19,10,2003
37914,3.4263328,1.91899E-19,20,10,2003
37915,3.0865312,1.72867E-19,21,10,2003
37916,2.8883136,1.61766E-19,22,10,2003
37917,3.114848,1.74453E-19,23,10,2003
37918,3.0298976,1.69696E-19,24,10,2003
37919,2.8599968,1.6018E-19,25,10,2003
37920,2.74389792,1.53678E-19,26,10,2003
37921,3.1714816,1.77625E-19,27,10,2003
37922,4.8704896,2.72782E-19,28,10,2003
37923,7.928704,4.44063E-19,29,10,2003
37924,15.4892896,8.67509E-19,30,10,2003
37925,12.2611744,6.86712E-19,31,10,2003
37926,7.6738528,4.2979E-19,1,11,2003
37927,6.088112,3.40977E-19,2,11,2003
37928,5.66336,3.17188E-19,3,11,2003
37929,7.1358336,3.99657E-19,4,11,2003
37930,6.5694976,3.67938E-19,5,11,2003
37931,6.37128,3.56836E-19,6,11,2003
37932,5.9182112,3.31461E-19,7,11,2003
37933,4.3324704,2.42649E-19,8,11,2003
37934,3.5962336,2.01414E-19,9,11,2003
37935,3.1714816,1.77625E-19,10,11,2003
37936,2.9449472,1.64938E-19,11,11,2003
37937,2.9449472,1.64938E-19,12,11,2003
37938,3.2281152,1.80797E-19,13,11,2003
37939,3.7944512,2.12516E-19,14,11,2003
37940,3.3413824,1.87141E-19,15,11,2003
37941,2.9166304,1.63352E-19,16,11,2003
37942,2.6476208,1.48285E-19,17,11,2003
37943,2.46922496,1.38294E-19,18,11,2003
37944,2.3644528,1.32426E-19,19,11,2003
37945,2.57966048,1.44479E-19,20,11,2003
37946,3.5679168,1.99828E-19,21,11,2003
37947,3.9077184,2.1886E-19,22,11,2003
37948,3.398016,1.90313E-19,23,11,2003
37949,3.0015808,1.6811E-19,24,11,2003
37950,3.1714816,1.77625E-19,25,11,2003
37951,3.3696992,1.88727E-19,26,11,2003
37952,3.1997984,1.79211E-19,27,11,2003
37953,3.1997984,1.79211E-19,28,11,2003
37954,5.2669248,2.94985E-19,29,11,2003
37955,7.362368,4.12344E-19,30,11,2003
38139,5.4368256,3.045E-19,1,6,2004
38140,5.2102912,2.91813E-19,2,6,2004
38141,6.6261312,3.7111E-19,3,6,2004
38142,9.061376,5.07501E-19,4,6,2004
38143,6.5978144,3.69524E-19,5,6,2004
38144,5.0120736,2.80711E-19,6,6,2004
38145,4.1908864,2.34719E-19,7,6,2004
38146,3.6245504,2.03E-19,8,6,2004
38147,3.1997984,1.79211E-19,9,6,2004
38148,3.1714816,1.77625E-19,10,6,2004
38149,2.8175216,1.57801E-19,11,6,2004
38150,2.41542304,1.35281E-19,12,6,2004
38151,2.14075008,1.19897E-19,13,6,2004
38152,1.95102752,1.09271E-19,14,6,2004
38153,1.79528512,1.00549E-19,15,6,2004
38154,1.70467136,9.54736E-20,16,6,2004
38155,1.65370112,9.26189E-20,17,6,2004
38156,1.61122592,9.024E-20,18,6,2004
38157,1.56308736,8.75439E-20,19,6,2004
38158,1.49229536,8.3579E-20,20,6,2004
38159,1.41867168,7.94556E-20,21,6,2004
38160,1.29974112,7.27946E-20,22,6,2004
38161,1.24310752,6.96227E-20,23,6,2004
38162,1.1609888,6.50235E-20,24,6,2004
38163,1.12134528,6.28032E-20,25,6,2004
38164,1.274256,7.13673E-20,26,6,2004
38165,1.4016816,7.8504E-20,27,6,2004
38166,1.37619648,7.70767E-20,28,6,2004
38167,1.44132512,8.07243E-20,29,6,2004
38168,1.35637472,7.59665E-20,30,6,2004
38169,1.29124608,7.23188E-20,1,7,2004
38170,1.27142432,7.12087E-20,2,7,2004
38171,1.15815712,6.48649E-20,3,7,2004
38172,1.0477216,5.86798E-20,4,7,2004
38173,0.94578112,5.29704E-20,5,7,2004
38174,0.88914752,4.97985E-20,6,7,2004
38175,0.79853376,4.47235E-20,7,7,2004
38176,0.9061376,5.07501E-20,8,7,2004
38177,1.76413664,9.8804E-20,9,7,2004
38178,1.15532544,6.47063E-20,10,7,2004
38179,1.04488992,5.85212E-20,11,7,2004
38180,0.96843456,5.42391E-20,12,7,2004
38181,0.90896928,5.09087E-20,13,7,2004
38182,1.00807808,5.64594E-20,14,7,2004
38183,0.94294944,5.28118E-20,15,7,2004
38184,0.85799904,4.8054E-20,16,7,2004
38185,0.8070288,4.51993E-20,17,7,2004
38186,0.74756352,4.18688E-20,18,7,2004
38187,1.36203808,7.62837E-20,19,7,2004
38188,1.3167312,7.37462E-20,20,7,2004
38189,1.25726592,7.04157E-20,21,7,2004
38190,1.18081056,6.61337E-20,22,7,2004
38191,1.06754336,5.97899E-20,23,7,2004
38192,0.57766272,3.23532E-20,24,7,2004
38193,0.30865312,1.72867E-20,25,7,2004
38194,0.52102912,2.91813E-20,26,7,2004
38195,0.58898944,3.29875E-20,27,7,2004
38196,0.97409792,5.45563E-20,28,7,2004
38197,1.80094848,1.00866E-19,29,7,2004
38198,1.4441568,8.08829E-20,30,7,2004
38199,1.0760384,6.02657E-20,31,7,2004
38200,0.9344544,5.2336E-20,1,8,2004
38201,1.24310752,6.96227E-20,2,8,2004
38202,1.2317808,6.89884E-20,3,8,2004
38203,1.0052464,5.63009E-20,4,8,2004
38204,0.87498912,4.90055E-20,5,8,2004
38205,0.75322688,4.2186E-20,6,8,2004
38206,0.63429632,3.5525E-20,7,8,2004
38207,0.59182112,3.31461E-20,8,8,2004
38208,0.55784096,3.1243E-20,9,8,2004
38209,0.5097024,2.85469E-20,10,8,2004
38210,0.50120736,2.80711E-20,11,8,2004
38211,0.71358336,3.99657E-20,12,8,2004
38212,3.398016,1.90313E-19,13,8,2004
38213,3.1714816,1.77625E-19,14,8,2004
38214,2.48621504,1.39245E-19,15,8,2004
38215,2.43241312,1.36232E-19,16,8,2004
38216,3.9077184,2.1886E-19,17,8,2004
38217,3.681184,2.06172E-19,18,8,2004
38218,2.55983872,1.43369E-19,19,8,2004
38219,2.08411648,1.16725E-19,20,8,2004
38220,3.7378176,2.09344E-19,21,8,2004
38221,8.7498912,4.90055E-19,22,8,2004
38222,7.220784,4.04415E-19,23,8,2004
38223,4.389104,2.45821E-19,24,8,2004
38224,3.1431648,1.76039E-19,25,8,2004
38225,2.37577952,1.3306E-19,26,8,2004
38226,1.92837408,1.08002E-19,27,8,2004
38227,1.63387936,9.15087E-20,28,8,2004
38228,1.5007904,8.40548E-20,29,8,2004
38229,1.7414832,9.75353E-20,30,8,2004
38230,1.6706912,9.35704E-20,31,8,2004
38231,1.557424,8.72267E-20,1,9,2004
38232,1.31956288,7.39048E-20,2,9,2004
38233,1.13833536,6.37548E-20,3,9,2004
38234,1.02223648,5.72524E-20,4,9,2004
38235,0.92312768,5.17016E-20,5,9,2004
38236,0.8636624,4.83712E-20,6,9,2004
38237,0.81552384,4.56751E-20,7,9,2004
38238,0.77588032,4.34547E-20,8,9,2004
38239,3.8794016,2.17274E-19,9,9,2004
38240,7.2774176,4.07586E-19,10,9,2004
38241,4.6156384,2.58508E-19,11,9,2004
38242,3.0582144,1.71281E-19,12,9,2004
38243,2.265344,1.26875E-19,13,9,2004
38244,1.80661184,1.01183E-19,14,9,2004
38245,1.5007904,8.40548E-20,15,9,2004
38246,1.30540448,7.31118E-20,16,9,2004
38247,1.21479072,6.80368E-20,17,9,2004
38248,5.6350432,3.15602E-19,18,9,2004
38249,13.9884992,7.83454E-19,19,9,2004
38250,9.2312768,5.17016E-19,20,9,2004
38251,5.3235584,2.98157E-19,21,9,2004
38252,3.9077184,2.1886E-19,22,9,2004
38253,3.114848,1.74453E-19,23,9,2004
38254,2.45506656,1.37501E-19,24,9,2004
38255,2.10393824,1.17835E-19,25,9,2004
38256,1.87174048,1.04831E-19,26,9,2004
38257,1.63954272,9.18259E-20,27,9,2004
38258,1.51778048,8.50064E-20,28,9,2004
38259,1.54043392,8.62751E-20,29,9,2004
38260,1.46114688,8.18345E-20,30,9,2004
38261,1.39035488,7.78696E-20,1,10,2004
38262,1.31956288,7.39048E-20,2,10,2004
38263,1.31389952,7.35876E-20,3,10,2004
38264,1.25726592,7.04157E-20,4,10,2004
38265,1.18081056,6.61337E-20,5,10,2004
38266,1.07037504,5.99485E-20,6,10,2004
38267,1.00807808,5.64594E-20,7,10,2004
38268,0.96560288,5.40805E-20,8,10,2004
38269,0.9344544,5.2336E-20,9,10,2004
38270,0.92595936,5.18602E-20,10,10,2004
38271,0.88348416,4.94813E-20,11,10,2004
38272,0.83251392,4.66266E-20,12,10,2004
38273,0.8070288,4.51993E-20,13,10,2004
38274,0.78720704,4.40891E-20,14,10,2004
38275,0.80986048,4.53579E-20,15,10,2004
38276,2.5626704,1.43528E-19,16,10,2004
38277,3.1714816,1.77625E-19,17,10,2004
38278,2.3078192,1.29254E-19,18,10,2004
38279,1.83492864,1.02769E-19,19,10,2004
38280,1.57724576,8.83368E-20,20,10,2004
38281,1.56025568,8.73853E-20,21,10,2004
38282,1.70750304,9.56322E-20,22,10,2004
38283,1.65086944,9.24603E-20,23,10,2004
38284,1.59423584,8.92884E-20,24,10,2004
38285,1.52627552,8.54821E-20,25,10,2004
38286,1.45265184,8.13587E-20,26,10,2004
38287,1.39884992,7.83454E-20,27,10,2004
38288,1.33938464,7.50149E-20,28,10,2004
38289,1.28558272,7.20017E-20,29,10,2004
38290,1.30540448,7.31118E-20,30,10,2004
38291,1.61688928,9.05571E-20,31,10,2004
38292,1.80094848,1.00866E-19,1,11,2004
38293,1.6706912,9.35704E-20,2,11,2004
38294,1.97368096,1.1054E-19,3,11,2004
38295,2.38710624,1.33695E-19,4,11,2004
38296,4.9837568,2.79125E-19,5,11,2004
38297,5.097024,2.85469E-19,6,11,2004
38298,3.9077184,2.1886E-19,7,11,2004
38299,3.256432,1.82383E-19,8,11,2004
38300,2.81468992,1.57642E-19,9,11,2004
38301,2.60797728,1.46065E-19,10,11,2004
38302,2.51736352,1.4099E-19,11,11,2004
38303,2.28799744,1.28144E-19,12,11,2004
38304,2.10676992,1.17994E-19,13,11,2004
38305,1.97368096,1.1054E-19,14,11,2004
38306,1.89439392,1.06099E-19,15,11,2004
38307,1.8122752,1.015E-19,16,11,2004
38308,1.7556416,9.83282E-20,17,11,2004
38309,1.73298816,9.70595E-20,18,11,2004
38310,1.70750304,9.56322E-20,19,11,2004
38311,1.65086944,9.24603E-20,20,11,2004
38312,1.70467136,9.54736E-20,21,11,2004
38313,1.7273248,9.67423E-20,22,11,2004
38314,1.69051296,9.46806E-20,23,11,2004
38315,1.74714656,9.78525E-20,24,11,2004
38316,3.681184,2.06172E-19,25,11,2004
38317,4.7855392,2.68024E-19,26,11,2004
38318,3.7661344,2.1093E-19,27,11,2004
38319,3.7661344,2.1093E-19,28,11,2004
38320,15.7724576,8.83368E-19,29,11,2004
38321,16.848496,9.43634E-19,30,11,2004
38504,7.8720704,4.40891E-19,1,6,2005
38505,6.512864,3.64766E-19,2,6,2005
38506,5.521776,3.09258E-19,3,6,2005
38507,4.7005888,2.63266E-19,4,6,2005
38508,4.0776192,2.28375E-19,5,6,2005
38509,3.5962336,2.01414E-19,6,6,2005
38510,3.3130656,1.85555E-19,7,6,2005
38511,3.0582144,1.71281E-19,8,6,2005
38512,3.398016,1.90313E-19,9,6,2005
38513,3.4829664,1.95071E-19,10,6,2005
38514,4.530688,2.5375E-19,11,6,2005
38515,4.1625696,2.33133E-19,12,6,2005
38516,3.3130656,1.85555E-19,13,6,2005
38517,3.7661344,2.1093E-19,14,6,2005
38518,6.229696,3.48907E-19,15,6,2005
38519,5.7199936,3.2036E-19,16,6,2005
38520,5.6916768,3.18774E-19,17,6,2005
38521,8.4100896,4.71024E-19,18,6,2005
38522,7.8154368,4.37719E-19,19,6,2005
38523,5.5500928,3.10844E-19,20,6,2005
38524,4.2758368,2.39477E-19,21,6,2005
38525,3.7378176,2.09344E-19,22,6,2005
38526,3.4546496,1.93485E-19,23,6,2005
38527,2.82884832,1.58435E-19,24,6,2005
38528,2.3502944,1.31633E-19,25,6,2005
38529,2.11526496,1.1847E-19,26,6,2005
38530,1.9397008,1.08637E-19,27,6,2005
38531,1.71882976,9.62665E-20,28,6,2005
38532,4.0209856,2.25203E-19,29,6,2005
38533,8.9481088,5.01157E-19,30,6,2005
38534,7.2774176,4.07586E-19,1,7,2005
38535,5.2102912,2.91813E-19,2,7,2005
38536,3.9077184,2.1886E-19,3,7,2005
38537,2.9449472,1.64938E-19,4,7,2005
38538,2.28516576,1.27985E-19,5,7,2005
38539,1.99067104,1.11492E-19,6,7,2005
38540,1.84625536,1.03403E-19,7,7,2005
38541,1.80378016,1.01024E-19,8,7,2005
38542,4.24752,2.37891E-19,9,7,2005
38543,5.3235584,2.98157E-19,10,7,2005
38544,3.7661344,2.1093E-19,11,7,2005
38545,2.73540288,1.53202E-19,12,7,2005
38546,2.15774016,1.20849E-19,13,7,2005
38547,1.8830672,1.05465E-19,14,7,2005
38548,1.70467136,9.54736E-20,15,7,2005
38549,1.53193888,8.57993E-20,16,7,2005
38550,1.37902816,7.72353E-20,17,7,2005
38551,1.3167312,7.37462E-20,18,7,2005
38552,1.35354304,7.58079E-20,19,7,2005
38553,1.3308896,7.45392E-20,20,7,2005
38554,1.19213728,6.67681E-20,21,7,2005
38555,1.10152352,6.1693E-20,22,7,2005
38556,2.2370272,1.25289E-19,23,7,2005
38557,2.15774016,1.20849E-19,24,7,2005
38558,1.6706912,9.35704E-20,25,7,2005
38559,1.36770144,7.66009E-20,26,7,2005
38560,1.16948384,6.54993E-20,27,7,2005
38561,1.3167312,7.37462E-20,28,7,2005
38562,1.94253248,1.08795E-19,29,7,2005
38563,1.59706752,8.9447E-20,30,7,2005
38564,1.29407776,7.24774E-20,31,7,2005
38565,1.1468304,6.42305E-20,1,8,2005
38566,1.87740384,1.05148E-19,2,8,2005
38567,2.1096016,1.18152E-19,3,8,2005
38568,1.67352288,9.3729E-20,4,8,2005
38569,1.35071136,7.56493E-20,5,8,2005
38570,1.1468304,6.42305E-20,6,8,2005
38571,1.01657312,5.69352E-20,7,8,2005
38572,0.93162272,5.21774E-20,8,8,2005
38573,0.82685056,4.63094E-20,9,8,2005
38574,0.73906848,4.1393E-20,10,8,2005
38575,0.66261312,3.7111E-20,11,8,2005
38576,0.62863296,3.52079E-20,12,8,2005
38577,0.62863296,3.52079E-20,13,8,2005
38578,0.6088112,3.40977E-20,14,8,2005
38579,0.66827648,3.74282E-20,15,8,2005
38580,0.70792,3.96485E-20,16,8,2005
38581,0.69092992,3.86969E-20,17,8,2005
38582,0.63995968,3.58422E-20,18,8,2005
38583,0.56916768,3.18774E-20,19,8,2005
38584,0.51536576,2.88641E-20,20,8,2005
38585,0.48421728,2.71196E-20,21,8,2005
38586,0.47855392,2.68024E-20,22,8,2005
38587,0.45023712,2.52164E-20,23,8,2005
38588,0.40493024,2.26789E-20,24,8,2005
38589,0.37944512,2.12516E-20,25,8,2005
38590,0.37944512,2.12516E-20,26,8,2005
38591,0.38510848,2.15688E-20,27,8,2005
38592,0.3681184,2.06172E-20,28,8,2005
38593,0.41625696,2.33133E-20,29,8,2005
38594,0.47289056,2.64852E-20,30,8,2005
38595,0.47005888,2.63266E-20,31,8,2005
38596,0.52669248,2.94985E-20,1,9,2005
38597,0.57199936,3.2036E-20,2,9,2005
38598,0.56350432,3.15602E-20,3,9,2005
38599,0.51536576,2.88641E-20,4,9,2005
38600,0.45873216,2.56922E-20,5,9,2005
38601,0.41342528,2.31547E-20,6,9,2005
38602,0.37944512,2.12516E-20,7,9,2005
38603,0.34263328,1.91899E-20,8,9,2005
38604,0.30298976,1.69696E-20,9,9,2005
38605,0.264478912,1.48127E-20,10,9,2005
38606,0.234746272,1.31474E-20,11,9,2005
38607,0.217189856,1.21642E-20,12,9,2005
38608,0.211526496,1.1847E-20,13,9,2005
38609,0.202748288,1.13553E-20,14,9,2005
38610,0.210110656,1.17677E-20,15,9,2005
38611,0.40209856,2.25203E-20,16,9,2005
38612,0.45873216,2.56922E-20,17,9,2005
38613,0.47572224,2.66438E-20,18,9,2005
38614,0.47572224,2.66438E-20,19,9,2005
38615,0.4530688,2.5375E-20,20,9,2005
38616,0.43607872,2.44235E-20,21,9,2005
38617,0.4105936,2.29961E-20,22,9,2005
38618,0.37661344,2.1093E-20,23,9,2005
38619,0.33696992,1.88727E-20,24,9,2005
38620,0.30865312,1.72867E-20,25,9,2005
38621,0.30015808,1.6811E-20,26,9,2005
38622,0.36245504,2.03E-20,27,9,2005
38623,0.38794016,2.17274E-20,28,9,2005
38624,0.3822768,2.14102E-20,29,9,2005
38625,0.4389104,2.45821E-20,30,9,2005
38626,0.43324704,2.42649E-20,1,10,2005
38627,0.424752,2.37891E-20,2,10,2005
38628,0.41625696,2.33133E-20,3,10,2005
38629,0.39926688,2.23617E-20,4,10,2005
38630,0.37095008,2.07758E-20,5,10,2005
38631,0.34829664,1.95071E-20,6,10,2005
38632,0.3256432,1.82383E-20,7,10,2005
38633,2.8599968,1.6018E-19,8,10,2005
38634,25.0320512,1.40197E-18,9,10,2005
38635,35.396,1.98242E-18,10,10,2005
38636,21.2659168,1.19104E-18,11,10,2005
38637,14.016816,7.8504E-19,12,10,2005
38638,7.8720704,4.40891E-19,13,10,2005
38639,6.1447456,3.44149E-19,14,10,2005
38640,39.64352,2.22032E-18,15,10,2005
38641,75.322688,4.2186E-18,16,10,2005
38642,33.130656,1.85555E-18,17,10,2005
38643,18.3209696,1.0261E-18,18,10,2005
38644,12.5443424,7.02571E-19,19,10,2005
38645,9.2879104,5.20188E-19,20,10,2005
38646,7.3906848,4.1393E-19,21,10,2005
38647,6.2863296,3.52079E-19,22,10,2005
38648,10.3639488,5.80454E-19,23,10,2005
38649,16.706912,9.35704E-19,24,10,2005
38650,19.538592,1.0943E-18,25,10,2005
38651,36.245504,2.03E-18,26,10,2005
38652,29.73264,1.66524E-18,27,10,2005
38653,17.5280992,9.81697E-19,28,10,2005
38654,12.7991936,7.16845E-19,29,10,2005
38655,10.2223648,5.72524E-19,30,10,2005
38656,8.5799904,4.8054E-19,31,10,2005
38657,8.211872,4.59922E-19,1,11,2005
38658,7.0792,3.96485E-19,2,11,2005
38659,5.7766272,3.23532E-19,3,11,2005
38660,5.2952416,2.96571E-19,4,11,2005
38661,5.3235584,2.98157E-19,5,11,2005
38662,5.3235584,2.98157E-19,6,11,2005
38663,6.5411808,3.66352E-19,7,11,2005
38664,6.4279136,3.60008E-19,8,11,2005
38665,5.804944,3.25118E-19,9,11,2005
38666,12.317808,6.89884E-19,10,11,2005
38667,15.0362208,8.42134E-19,11,11,2005
38668,9.627712,5.39219E-19,12,11,2005
38669,7.362368,4.12344E-19,13,11,2005
38670,6.2863296,3.52079E-19,14,11,2005
38671,5.7199936,3.2036E-19,15,11,2005
38672,6.7677152,3.7904E-19,16,11,2005
38673,14.016816,7.8504E-19,17,11,2005
38674,18.0661184,1.01183E-18,18,11,2005
38675,11.0718688,6.20102E-19,19,11,2005
38676,8.778208,4.91641E-19,20,11,2005
38677,8.9764256,5.02743E-19,21,11,2005
38678,11.4116704,6.39134E-19,22,11,2005
38679,20.5863136,1.15298E-18,23,11,2005
38680,16.3104768,9.13501E-19,24,11,2005
38681,10.8170176,6.05829E-19,25,11,2005
38682,8.4100896,4.71024E-19,26,11,2005
38683,7.362368,4.12344E-19,27,11,2005
38684,6.796032,3.80625E-19,28,11,2005
38685,6.7110816,3.75868E-19,29,11,2005
38686,9.9391968,5.56665E-19,30,11,2005
38869,3.1997984,1.79211E-19,1,6,2006
38870,3.8510848,2.15688E-19,2,6,2006
38871,5.804944,3.25118E-19,3,6,2006
38872,14.5265184,8.13587E-19,4,6,2006
38873,13.1956288,7.39048E-19,5,6,2006
38874,8.070288,4.51993E-19,6,6,2006
38875,7.1358336,3.99657E-19,7,6,2006
38876,23.786112,1.33219E-18,8,6,2006
38877,26.2213568,1.46858E-18,9,6,2006
38878,20.5579968,1.15139E-18,10,6,2006
38879,25.2302688,1.41307E-18,11,6,2006
38880,16.5086944,9.24603E-19,12,6,2006
38881,10.6188,5.94727E-19,13,6,2006
38882,7.8437536,4.39305E-19,14,6,2006
38883,7.3906848,4.1393E-19,15,6,2006
38884,7.4756352,4.18688E-19,16,6,2006
38885,5.9748448,3.34633E-19,17,6,2006
38886,4.95544,2.77539E-19,18,6,2006
38887,4.1342528,2.31547E-19,19,6,2006
38888,3.5679168,1.99828E-19,20,6,2006
38889,3.7095008,2.07758E-19,21,6,2006
38890,3.7944512,2.12516E-19,22,6,2006
38891,3.4829664,1.95071E-19,23,6,2006
38892,3.7661344,2.1093E-19,24,6,2006
38893,3.9926688,2.23617E-19,25,6,2006
38894,4.3041536,2.41063E-19,26,6,2006
38895,6.3429632,3.5525E-19,27,6,2006
38896,5.4934592,3.07672E-19,28,6,2006
38897,6.6261312,3.7111E-19,29,6,2006
38898,5.946528,3.33047E-19,30,6,2006
38899,4.3041536,2.41063E-19,1,7,2006
38900,3.4546496,1.93485E-19,2,7,2006
38901,2.8175216,1.57801E-19,3,7,2006
38902,2.2936608,1.28461E-19,4,7,2006
38903,2.04447296,1.14505E-19,5,7,2006
38904,1.86324544,1.04355E-19,6,7,2006
38905,1.65370112,9.26189E-20,7,7,2006
38906,1.5149488,8.48478E-20,8,7,2006
38907,1.43283008,8.02485E-20,9,7,2006
38908,1.39318656,7.80282E-20,10,7,2006
38909,1.78962176,1.00231E-19,11,7,2006
38910,3.114848,1.74453E-19,12,7,2006
38911,15.3477056,8.59579E-19,13,7,2006
38912,18.6607712,1.04513E-18,14,7,2006
38913,9.5710784,5.36048E-19,15,7,2006
38914,5.8332608,3.26704E-19,16,7,2006
38915,4.1342528,2.31547E-19,17,7,2006
38916,3.114848,1.74453E-19,18,7,2006
38917,2.39560128,1.3417E-19,19,7,2006
38918,1.99350272,1.1165E-19,20,7,2006
38919,1.91987904,1.07527E-19,21,7,2006
38920,3.114848,1.74453E-19,22,7,2006
38921,8.636624,4.83712E-19,23,7,2006
38922,10.4205824,5.83626E-19,24,7,2006
38923,5.946528,3.33047E-19,25,7,2006
38924,4.0776192,2.28375E-19,26,7,2006
38925,3.1997984,1.79211E-19,27,7,2006
38926,2.59948224,1.45589E-19,28,7,2006
38927,2.83168,1.58594E-19,29,7,2006
38928,3.0865312,1.72867E-19,30,7,2006
38929,2.44657152,1.37025E-19,31,7,2006
38930,2.04164128,1.14346E-19,1,8,2006
38931,1.73015648,9.69009E-20,2,8,2006
38932,1.52061216,8.5165E-20,3,8,2006
38933,1.54043392,8.62751E-20,4,8,2006
38934,2.11243328,1.18311E-19,5,8,2006
38935,1.77263168,9.92798E-20,6,8,2006
38936,1.46397856,8.19931E-20,7,8,2006
38937,1.30540448,7.31118E-20,8,8,2006
38938,1.132672,6.34376E-20,9,8,2006
38939,1.0052464,5.63009E-20,10,8,2006
38940,0.91463264,5.12258E-20,11,8,2006
38941,0.82968224,4.6468E-20,12,8,2006
38942,0.75889024,4.25032E-20,13,8,2006
38943,0.69942496,3.91727E-20,14,8,2006
38944,0.66827648,3.74282E-20,15,8,2006
38945,0.64279136,3.60008E-20,16,8,2006
38946,0.60031616,3.36219E-20,17,8,2006
38947,0.57766272,3.23532E-20,18,8,2006
38948,0.566336,3.17188E-20,19,8,2006
38949,0.79853376,4.47235E-20,20,8,2006
38950,1.16948384,6.54993E-20,21,8,2006
38951,1.12700864,6.31204E-20,22,8,2006
38952,0.95144448,5.32876E-20,23,8,2006
38953,0.7928704,4.44063E-20,24,8,2006
38954,0.69942496,3.91727E-20,25,8,2006
38955,0.65411808,3.66352E-20,26,8,2006
38956,0.62580128,3.50493E-20,27,8,2006
38957,0.71924672,4.02829E-20,28,8,2006
38958,0.83817728,4.69438E-20,29,8,2006
38959,0.86932576,4.86883E-20,30,8,2006
38960,0.79853376,4.47235E-20,31,8,2006
38961,0.68526656,3.83797E-20,1,9,2006
38962,0.61164288,3.42563E-20,2,9,2006
38963,0.58332608,3.26704E-20,3,9,2006
38964,0.79003872,4.42477E-20,4,9,2006
38965,0.9627712,5.39219E-20,5,9,2006
38966,0.90330592,5.05915E-20,6,9,2006
38967,0.80986048,4.53579E-20,7,9,2006
38968,0.71641504,4.01243E-20,8,9,2006
38969,0.64279136,3.60008E-20,9,9,2006
38970,0.58615776,3.28289E-20,10,9,2006
38971,0.54934592,3.07672E-20,11,9,2006
38972,0.51819744,2.90227E-20,12,9,2006
38973,0.47289056,2.64852E-20,13,9,2006
38974,0.45023712,2.52164E-20,14,9,2006
38975,0.45873216,2.56922E-20,15,9,2006
38976,0.50687072,2.83883E-20,16,9,2006
38977,0.5380192,3.01329E-20,17,9,2006
38978,0.52669248,2.94985E-20,18,9,2006
38979,0.49271232,2.75953E-20,19,9,2006
38980,0.55500928,3.10844E-20,20,9,2006
38981,0.61730624,3.45735E-20,21,9,2006
38982,0.58898944,3.29875E-20,22,9,2006
38983,0.55500928,3.10844E-20,23,9,2006
38984,0.55500928,3.10844E-20,24,9,2006
38985,0.56350432,3.15602E-20,25,9,2006
38986,0.56916768,3.18774E-20,26,9,2006
38987,0.54651424,3.06086E-20,27,9,2006
38988,0.5238608,2.93399E-20,28,9,2006
38989,0.47289056,2.64852E-20,29,9,2006
38990,0.43324704,2.42649E-20,30,9,2006
38991,0.45023712,2.52164E-20,1,10,2006
38992,0.4672272,2.6168E-20,2,10,2006
38993,0.55500928,3.10844E-20,3,10,2006
38994,0.5946528,3.33047E-20,4,10,2006
38995,0.55784096,3.1243E-20,5,10,2006
38996,0.53518752,2.99743E-20,6,10,2006
38997,0.51819744,2.90227E-20,7,10,2006
38998,0.47572224,2.66438E-20,8,10,2006
38999,0.4105936,2.29961E-20,9,10,2006
39000,1.19496896,6.69266E-20,10,10,2006
39001,1.3167312,7.37462E-20,11,10,2006
39002,10.7037504,5.99485E-19,12,10,2006
39003,10.9302848,6.12173E-19,13,10,2006
39004,5.7766272,3.23532E-19,14,10,2006
39005,5.4934592,3.07672E-19,15,10,2006
39006,4.5023712,2.52164E-19,16,10,2006
39007,3.9360352,2.20446E-19,17,10,2006
39008,4.389104,2.45821E-19,18,10,2006
39009,4.6439552,2.60094E-19,19,10,2006
39010,4.5023712,2.52164E-19,20,10,2006
39011,5.804944,3.25118E-19,21,10,2006
39012,4.8988064,2.74368E-19,22,10,2006
39013,5.1819744,2.90227E-19,23,10,2006
39014,6.6827648,3.74282E-19,24,10,2006
39015,3.9077184,2.1886E-19,25,10,2006
39016,3.0015808,1.6811E-19,26,10,2006
39017,3.1714816,1.77625E-19,27,10,2006
39018,9.2879104,5.20188E-19,28,10,2006
39019,36.245504,2.03E-18,29,10,2006
39020,20.2748288,1.13553E-18,30,10,2006
39021,10.5621664,5.91555E-19,31,10,2006
39022,7.7304864,4.32961E-19,1,11,2006
39023,6.654448,3.72696E-19,2,11,2006
39024,6.2580128,3.50493E-19,3,11,2006
39025,5.1253408,2.87055E-19,4,11,2006
39026,4.3607872,2.44235E-19,5,11,2006
39027,3.9360352,2.20446E-19,6,11,2006
39028,3.681184,2.06172E-19,7,11,2006
39029,4.0493024,2.26789E-19,8,11,2006
39030,20.8411648,1.16725E-18,9,11,2006
39031,25.768288,1.4432E-18,10,11,2006
39032,13.1956288,7.39048E-19,11,11,2006
39033,9.8259296,5.50321E-19,12,11,2006
39034,11.6665216,6.53407E-19,13,11,2006
39035,21.1526496,1.1847E-18,14,11,2006
39036,26.8726432,1.50506E-18,15,11,2006
39037,15.6591904,8.77025E-19,16,11,2006
39038,24.9471008,1.39721E-18,17,11,2006
39039,31.997984,1.79211E-18,18,11,2006
39040,17.6413664,9.8804E-19,19,11,2006
39041,12.5726592,7.04157E-19,20,11,2006
39042,9.91088,5.55079E-19,21,11,2006
39043,8.211872,4.59922E-19,22,11,2006
39044,7.3057344,4.09172E-19,23,11,2006
39045,6.9092992,3.86969E-19,24,11,2006
39046,6.2863296,3.52079E-19,25,11,2006
39047,5.6916768,3.18774E-19,26,11,2006
39048,5.380192,3.01329E-19,27,11,2006
39049,5.097024,2.85469E-19,28,11,2006
39050,4.9837568,2.79125E-19,29,11,2006
39051,4.8988064,2.74368E-19,30,11,2006
39234,1.94819584,1.09113E-19,1,6,2007
39235,1.982176,1.11016E-19,2,6,2007
39236,1.84342368,1.03245E-19,3,6,2007
39237,3.8794016,2.17274E-19,4,6,2007
39238,15.8290912,8.8654E-19,5,6,2007
39239,16.706912,9.35704E-19,6,6,2007
39240,8.7215744,4.88469E-19,7,6,2007
39241,5.380192,3.01329E-19,8,6,2007
39242,4.0776192,2.28375E-19,9,6,2007
39243,3.7661344,2.1093E-19,10,6,2007
39244,3.2847488,1.83969E-19,11,6,2007
39245,2.63629408,1.47651E-19,12,6,2007
39246,2.33047264,1.30523E-19,13,6,2007
39247,2.3644528,1.32426E-19,14,6,2007
39248,2.22003712,1.24338E-19,15,6,2007
39249,1.95669088,1.09588E-19,16,6,2007
39250,1.76413664,9.8804E-20,17,6,2007
39251,1.56591904,8.77025E-20,18,6,2007
39252,1.36203808,7.62837E-20,19,6,2007
39253,1.25443424,7.02571E-20,20,6,2007
39254,1.18081056,6.61337E-20,21,6,2007
39255,1.08736512,6.09001E-20,22,6,2007
39256,1.01374144,5.67766E-20,23,6,2007
39257,0.95993952,5.37633E-20,24,6,2007
39258,0.88631584,4.96399E-20,25,6,2007
39259,0.84384064,4.7261E-20,26,6,2007
39260,0.79853376,4.47235E-20,27,6,2007
39261,0.79003872,4.42477E-20,28,6,2007
39262,0.71075168,3.98071E-20,29,6,2007
39263,0.63995968,3.58422E-20,30,6,2007
39264,0.60031616,3.36219E-20,1,7,2007
39265,0.57199936,3.2036E-20,2,7,2007
39266,0.53235584,2.98157E-20,3,7,2007
39267,0.48988064,2.74368E-20,4,7,2007
39268,0.53518752,2.99743E-20,5,7,2007
39269,0.59748448,3.34633E-20,6,7,2007
39270,0.5804944,3.25118E-20,7,7,2007
39271,0.55784096,3.1243E-20,8,7,2007
39272,0.58332608,3.26704E-20,9,7,2007
39273,0.91180096,5.10673E-20,10,7,2007
39274,1.03922656,5.8204E-20,11,7,2007
39275,0.95710784,5.36048E-20,12,7,2007
39276,0.9061376,5.07501E-20,13,7,2007
39277,0.80986048,4.53579E-20,14,7,2007
39278,1.7698,9.91212E-20,15,7,2007
39279,2.61080896,1.46224E-19,16,7,2007
39280,1.557424,8.72267E-20,17,7,2007
39281,1.22045408,6.8354E-20,18,7,2007
39282,1.39601824,7.81868E-20,19,7,2007
39283,2.51170016,1.40673E-19,20,7,2007
39284,3.2847488,1.83969E-19,21,7,2007
39285,2.05863136,1.15298E-19,22,7,2007
39286,1.7273248,9.67423E-20,23,7,2007
39287,1.55459232,8.70681E-20,24,7,2007
39288,1.36203808,7.62837E-20,25,7,2007
39289,1.1751472,6.58165E-20,26,7,2007
39290,1.03639488,5.80454E-20,27,7,2007
39291,0.93728608,5.24946E-20,28,7,2007
39292,0.8778208,4.91641E-20,29,7,2007
39293,0.81835552,4.58337E-20,30,7,2007
39294,0.85233568,4.77368E-20,31,7,2007
39295,0.8353456,4.67852E-20,1,8,2007
39296,0.76172192,4.26618E-20,2,8,2007
39297,0.68526656,3.83797E-20,3,8,2007
39298,0.5946528,3.33047E-20,4,8,2007
39299,0.50687072,2.83883E-20,5,8,2007
39300,0.48704896,2.72782E-20,6,8,2007
39301,0.61164288,3.42563E-20,7,8,2007
39302,0.62863296,3.52079E-20,8,8,2007
39303,0.75889024,4.25032E-20,9,8,2007
39304,0.75889024,4.25032E-20,10,8,2007
39305,0.69092992,3.86969E-20,11,8,2007
39306,0.6088112,3.40977E-20,12,8,2007
39307,0.51536576,2.88641E-20,13,8,2007
39308,0.43607872,2.44235E-20,14,8,2007
39309,0.37378176,2.09344E-20,15,8,2007
39310,0.34263328,1.91899E-20,16,8,2007
39311,0.69659328,3.90141E-20,17,8,2007
39312,0.7645536,4.28204E-20,18,8,2007
39313,0.62580128,3.50493E-20,19,8,2007
39314,0.48421728,2.71196E-20,20,8,2007
39315,0.36528672,2.04586E-20,21,8,2007
39316,0.31431648,1.76039E-20,22,8,2007
39317,0.29166304,1.63352E-20,23,8,2007
39318,0.282318496,1.58118E-20,24,8,2007
39319,0.271274944,1.51933E-20,25,8,2007
39320,0.259665056,1.45431E-20,26,8,2007
39321,0.245789824,1.3766E-20,27,8,2007
39322,0.231914592,1.29888E-20,28,8,2007
39323,0.216340352,1.21166E-20,29,8,2007
39324,0.203314624,1.1387E-20,30,8,2007
39325,0.195102752,1.09271E-20,31,8,2007
39326,0.186324544,1.04355E-20,1,9,2007
39327,0.173015648,9.69009E-21,2,9,2007
39328,0.173298816,9.70595E-21,3,9,2007
39329,0.177263168,9.92798E-21,4,9,2007
39330,0.17131664,9.59493E-21,5,9,2007
39331,0.164520608,9.21431E-21,6,9,2007
39332,0.161688928,9.05571E-21,7,9,2007
39333,0.159140416,8.91298E-21,8,9,2007
39334,0.183209696,1.0261E-20,9,9,2007
39335,0.214075008,1.19897E-20,10,9,2007
39336,0.35679168,1.99828E-20,11,9,2007
39337,1.203464,6.74024E-20,12,9,2007
39338,0.98542464,5.51907E-20,13,9,2007
39339,0.79003872,4.42477E-20,14,9,2007
39340,0.6796032,3.80625E-20,15,9,2007
39341,0.62013792,3.47321E-20,16,9,2007
39342,0.5521776,3.09258E-20,17,9,2007
39343,0.45590048,2.55336E-20,18,9,2007
39344,0.37944512,2.12516E-20,19,9,2007
39345,0.33696992,1.88727E-20,20,9,2007
39346,0.2973264,1.66524E-20,21,9,2007
39347,0.268443264,1.50347E-20,22,9,2007
39348,0.253152192,1.41783E-20,23,9,2007
39349,0.230215584,1.28937E-20,24,9,2007
39350,0.212659168,1.19104E-20,25,9,2007
39351,0.200482944,1.12285E-20,26,9,2007
39352,0.234463104,1.31316E-20,27,9,2007
39353,0.38794016,2.17274E-20,28,9,2007
39354,0.56067264,3.14016E-20,29,9,2007
39355,0.53518752,2.99743E-20,30,9,2007
39356,0.4530688,2.5375E-20,1,10,2007
39357,0.39926688,2.23617E-20,2,10,2007
39358,0.36245504,2.03E-20,3,10,2007
39359,0.33130656,1.85555E-20,4,10,2007
39360,0.30015808,1.6811E-20,5,10,2007
39361,0.272407616,1.52567E-20,6,10,2007
39362,0.231914592,1.29888E-20,7,10,2007
39363,0.25909872,1.45113E-20,8,10,2007
39364,0.79003872,4.42477E-20,9,10,2007
39365,1.28558272,7.20017E-20,10,10,2007
39366,1.274256,7.13673E-20,11,10,2007
39367,1.8972256,1.06258E-19,12,10,2007
39368,1.80378016,1.01024E-19,13,10,2007
39369,1.47530528,8.26274E-20,14,10,2007
39370,1.1751472,6.58165E-20,15,10,2007
39371,0.97126624,5.43977E-20,16,10,2007
39372,0.86932576,4.86883E-20,17,10,2007
39373,0.81552384,4.56751E-20,18,10,2007
39374,0.81552384,4.56751E-20,19,10,2007
39375,1.46397856,8.19931E-20,20,10,2007
39376,1.98783936,1.11333E-19,21,10,2007
39377,1.72166144,9.64251E-20,22,10,2007
39378,1.50645376,8.4372E-20,23,10,2007
39379,1.39035488,7.78696E-20,24,10,2007
39380,1.32522624,7.4222E-20,25,10,2007
39381,1.2317808,6.89884E-20,26,10,2007
39382,1.74431488,9.76939E-20,27,10,2007
39383,3.2281152,1.80797E-19,28,10,2007
39384,2.51453184,1.40831E-19,29,10,2007
39385,1.94819584,1.09113E-19,30,10,2007
39386,1.70183968,9.5315E-20,31,10,2007
39387,1.58007744,8.84954E-20,1,11,2007
39388,1.486632,8.32618E-20,2,11,2007
39389,1.88023552,1.05306E-19,3,11,2007
39390,3.1997984,1.79211E-19,4,11,2007
39391,2.82601664,1.58277E-19,5,11,2007
39392,3.0865312,1.72867E-19,6,11,2007
39393,5.6916768,3.18774E-19,7,11,2007
39394,4.0776192,2.28375E-19,8,11,2007
39395,2.9449472,1.64938E-19,9,11,2007
39396,2.44373984,1.36867E-19,10,11,2007
39397,2.17189856,1.21642E-19,11,11,2007
39398,1.99067104,1.11492E-19,12,11,2007
39399,1.982176,1.11016E-19,13,11,2007
39400,1.87457216,1.04989E-19,14,11,2007
39401,1.96518592,1.10064E-19,15,11,2007
39402,3.8510848,2.15688E-19,16,11,2007
39403,5.4368256,3.045E-19,17,11,2007
39404,3.8510848,2.15688E-19,18,11,2007
39405,3.0015808,1.6811E-19,19,11,2007
39406,2.6334624,1.47492E-19,20,11,2007
39407,2.46072992,1.37818E-19,21,11,2007
39408,2.50886848,1.40514E-19,22,11,2007
39409,2.59381888,1.45272E-19,23,11,2007
39410,2.29932416,1.28778E-19,24,11,2007
39411,2.09827488,1.17518E-19,25,11,2007
39412,2.12376,1.18945E-19,26,11,2007
39413,5.9748448,3.34633E-19,27,11,2007
39414,7.7588032,4.34547E-19,28,11,2007
39415,4.8421728,2.71196E-19,29,11,2007
39416,3.8794016,2.17274E-19,30,11,2007
39600,1.15815712,6.48649E-20,1,6,2008
39601,1.06754336,5.97899E-20,2,6,2008
39602,1.00241472,5.61423E-20,3,6,2008
39603,0.96843456,5.42391E-20,4,6,2008
39604,1.07887008,6.04243E-20,5,6,2008
39605,1.42433504,7.97728E-20,6,6,2008
39606,1.88023552,1.05306E-19,7,6,2008
39607,1.59423584,8.92884E-20,8,6,2008
39608,1.22328576,6.85126E-20,9,6,2008
39609,1.12134528,6.28032E-20,10,6,2008
39610,1.21479072,6.80368E-20,11,6,2008
39611,1.03922656,5.8204E-20,12,6,2008
39612,0.88914752,4.97985E-20,13,6,2008
39613,0.78720704,4.40891E-20,14,6,2008
39614,2.28516576,1.27985E-19,15,6,2008
39615,2.8599968,1.6018E-19,16,6,2008
39616,2.36162112,1.32267E-19,17,6,2008
39617,2.7325712,1.53043E-19,18,6,2008
39618,2.08411648,1.16725E-19,19,6,2008
39619,1.68201792,9.42048E-20,20,6,2008
39620,1.43283008,8.02485E-20,21,6,2008
39621,1.31106784,7.3429E-20,22,6,2008
39622,4.1625696,2.33133E-19,23,6,2008
39623,4.8988064,2.74368E-19,24,6,2008
39624,3.5962336,2.01414E-19,25,6,2008
39625,2.33047264,1.30523E-19,26,6,2008
39626,1.911384,1.07051E-19,27,6,2008
39627,1.7556416,9.83282E-20,28,6,2008
39628,2.34746272,1.31474E-19,29,6,2008
39629,3.1997984,1.79211E-19,30,6,2008
39630,2.59948224,1.45589E-19,1,7,2008
39631,2.0104928,1.12602E-19,2,7,2008
39632,1.72166144,9.64251E-20,3,7,2008
39633,1.5291072,8.56407E-20,4,7,2008
39634,1.31956288,7.39048E-20,5,7,2008
39635,1.14116704,6.39134E-20,6,7,2008
39636,1.0335632,5.78868E-20,7,7,2008
39637,0.94294944,5.28118E-20,8,7,2008
39638,0.85516736,4.78954E-20,9,7,2008
39639,0.83817728,4.69438E-20,10,7,2008
39640,0.76738528,4.2979E-20,11,7,2008
39641,0.70225664,3.93313E-20,12,7,2008
39642,0.65694976,3.67938E-20,13,7,2008
39643,0.637128,3.56836E-20,14,7,2008
39644,0.63429632,3.5525E-20,15,7,2008
39645,0.5946528,3.33047E-20,16,7,2008
39646,0.54085088,3.02914E-20,17,7,2008
39647,0.4813856,2.6961E-20,18,7,2008
39648,0.50120736,2.80711E-20,19,7,2008
39649,0.64845472,3.6318E-20,20,7,2008
39650,1.11001856,6.21688E-20,21,7,2008
39651,1.07320672,6.01071E-20,22,7,2008
39652,1.03639488,5.80454E-20,23,7,2008
39653,7.503952,4.20274E-19,24,7,2008
39654,15.7724576,8.83368E-19,25,7,2008
39655,8.9481088,5.01157E-19,26,7,2008
39656,4.7289056,2.64852E-19,27,7,2008
39657,4.7005888,2.63266E-19,28,7,2008
39658,3.4263328,1.91899E-19,29,7,2008
39659,2.54284864,1.42417E-19,30,7,2008
39660,2.47772,1.3877E-19,31,7,2008
39661,8.4100896,4.71024E-19,1,8,2008
39662,5.946528,3.33047E-19,2,8,2008
39663,7.1358336,3.99657E-19,3,8,2008
39664,7.78712,4.36133E-19,4,8,2008
39665,5.238608,2.93399E-19,5,8,2008
39666,6.3995968,3.58422E-19,6,8,2008
39667,13.3372128,7.46978E-19,7,8,2008
39668,26.2779904,1.47175E-18,8,8,2008
39669,31.431648,1.76039E-18,9,8,2008
39670,13.8185984,7.73938E-19,10,8,2008
39671,10.1090976,5.6618E-19,11,8,2008
39672,12.9124608,7.23188E-19,12,8,2008
39673,16.6219616,9.30946E-19,13,8,2008
39674,10.1090976,5.6618E-19,14,8,2008
39675,6.088112,3.40977E-19,15,8,2008
39676,4.5873216,2.56922E-19,16,8,2008
39677,6.4562304,3.61594E-19,17,8,2008
39678,5.7483104,3.21946E-19,18,8,2008
39679,3.964352,2.22032E-19,19,8,2008
39680,3.0298976,1.69696E-19,20,8,2008
39681,2.4635616,1.37977E-19,21,8,2008
39682,2.11809664,1.18628E-19,22,8,2008
39683,1.97368096,1.1054E-19,23,8,2008
39684,1.7273248,9.67423E-20,24,8,2008
39685,1.61688928,9.05571E-20,25,8,2008
39686,1.43849344,8.05657E-20,26,8,2008
39687,1.4583152,8.16759E-20,27,8,2008
39688,1.33655296,7.48563E-20,28,8,2008
39689,1.28558272,7.20017E-20,29,8,2008
39690,1.203464,6.74024E-20,30,8,2008
39691,1.12134528,6.28032E-20,31,8,2008
39692,0.97126624,5.43977E-20,1,9,2008
39693,0.9344544,5.2336E-20,2,9,2008
39694,0.82968224,4.6468E-20,3,9,2008
39695,0.77588032,4.34547E-20,4,9,2008
39696,0.7362368,4.12344E-20,5,9,2008
39697,1.11568192,6.2486E-20,6,9,2008
39698,38.510848,2.15688E-18,7,9,2008
39699,37.661344,2.1093E-18,8,9,2008
39700,13.8469152,7.75524E-19,9,9,2008
39701,10.335632,5.78868E-19,10,9,2008
39702,7.4190016,4.15516E-19,11,9,2008
39703,5.097024,2.85469E-19,12,9,2008
39704,4.3607872,2.44235E-19,13,9,2008
39705,4.2192032,2.36305E-19,14,9,2008
39706,5.1536576,2.88641E-19,15,9,2008
39707,4.0493024,2.26789E-19,16,9,2008
39708,3.2281152,1.80797E-19,17,9,2008
39709,2.77787808,1.55581E-19,18,9,2008
39710,2.37294784,1.32902E-19,19,9,2008
39711,2.09827488,1.17518E-19,20,9,2008
39712,1.95669088,1.09588E-19,21,9,2008
39713,1.91421568,1.0721E-19,22,9,2008
39714,1.74997824,9.80111E-20,23,9,2008
39715,1.5998992,8.96056E-20,24,9,2008
39716,1.49229536,8.3579E-20,25,9,2008
39717,1.79528512,1.00549E-19,26,9,2008
39718,8.1552384,4.56751E-19,27,9,2008
39719,14.4982016,8.12001E-19,28,9,2008
39720,21.1243328,1.18311E-18,29,9,2008
39721,16.28216,9.11915E-19,30,9,2008
39722,10.901968,6.10587E-19,1,10,2008
39723,10.2223648,5.72524E-19,2,10,2008
39724,8.8914752,4.97985E-19,3,10,2008
39725,7.0225664,3.93313E-19,4,10,2008
39726,6.0314784,3.37805E-19,5,10,2008
39727,5.6350432,3.15602E-19,6,10,2008
39728,5.0403904,2.82297E-19,7,10,2008
39729,4.5590048,2.55336E-19,8,10,2008
39730,4.389104,2.45821E-19,9,10,2008
39731,4.5023712,2.52164E-19,10,10,2008
39732,4.3324704,2.42649E-19,11,10,2008
39733,4.105936,2.29961E-19,12,10,2008
39734,3.9926688,2.23617E-19,13,10,2008
39735,3.8794016,2.17274E-19,14,10,2008
39736,3.6528672,2.04586E-19,15,10,2008
39737,3.7095008,2.07758E-19,16,10,2008
39738,4.105936,2.29961E-19,17,10,2008
39739,3.681184,2.06172E-19,18,10,2008
39740,3.3130656,1.85555E-19,19,10,2008
39741,2.973264,1.66524E-19,20,10,2008
39742,2.34179936,1.31157E-19,21,10,2008
39743,2.28516576,1.27985E-19,22,10,2008
39744,2.59948224,1.45589E-19,23,10,2008
39745,2.29649248,1.2862E-19,24,10,2008
39746,2.12659168,1.19104E-19,25,10,2008
39747,7.5889024,4.25032E-19,26,10,2008
39748,13.592064,7.61251E-19,27,10,2008
39749,9.0047424,5.04329E-19,28,10,2008
39750,8.6083072,4.82126E-19,29,10,2008
39751,7.6172192,4.26618E-19,30,10,2008
39752,5.7483104,3.21946E-19,31,10,2008
39753,4.813856,2.6961E-19,1,11,2008
39754,4.0776192,2.28375E-19,2,11,2008
39755,3.5679168,1.99828E-19,3,11,2008
39756,3.4263328,1.91899E-19,4,11,2008
39757,3.256432,1.82383E-19,5,11,2008
39758,3.1714816,1.77625E-19,6,11,2008
39759,3.5112832,1.96656E-19,7,11,2008
39760,3.6245504,2.03E-19,8,11,2008
39761,3.7661344,2.1093E-19,9,11,2008
39762,3.6245504,2.03E-19,10,11,2008
39763,3.1431648,1.76039E-19,11,11,2008
39764,2.82318496,1.58118E-19,12,11,2008
39765,2.73540288,1.53202E-19,13,11,2008
39766,4.24752,2.37891E-19,14,11,2008
39767,6.6827648,3.74282E-19,15,11,2008
39768,8.919792,4.99571E-19,16,11,2008
39769,8.6083072,4.82126E-19,17,11,2008
39770,5.8615776,3.28289E-19,18,11,2008
39771,4.7005888,2.63266E-19,19,11,2008
39772,4.0776192,2.28375E-19,20,11,2008
39773,3.5679168,1.99828E-19,21,11,2008
39774,3.1997984,1.79211E-19,22,11,2008
39775,2.690096,1.50664E-19,23,11,2008
39776,2.65894752,1.4892E-19,24,11,2008
39777,9.0896928,5.09087E-19,25,11,2008
39778,42.4752,2.37891E-18,26,11,2008
39779,25.48512,1.42735E-18,27,11,2008
39780,14.724736,8.24689E-19,28,11,2008
39781,11.1285024,6.23274E-19,29,11,2008
39782,8.6932576,4.86883E-19,30,11,2008
39965,2.973264,1.66524E-19,1,6,2009
39966,2.35595776,1.3195E-19,2,6,2009
39967,1.9397008,1.08637E-19,3,6,2009
39968,1.68201792,9.42048E-20,4,6,2009
39969,1.46964192,8.23103E-20,5,6,2009
39970,1.36486976,7.64423E-20,6,6,2009
39971,1.27991936,7.16845E-20,7,6,2009
39972,1.17797888,6.59751E-20,8,6,2009
39973,1.06471168,5.96313E-20,9,6,2009
39974,1.1609888,6.50235E-20,10,6,2009
39975,1.21479072,6.80368E-20,11,6,2009
39976,4.105936,2.29961E-19,12,6,2009
39977,5.8332608,3.26704E-19,13,6,2009
39978,5.8898944,3.29875E-19,14,6,2009
39979,11.5532544,6.47063E-19,15,6,2009
39980,9.0896928,5.09087E-19,16,6,2009
39981,5.380192,3.01329E-19,17,6,2009
39982,3.8510848,2.15688E-19,18,6,2009
39983,7.4190016,4.15516E-19,19,6,2009
39984,12.9690944,7.2636E-19,20,6,2009
39985,8.49504,4.75782E-19,21,6,2009
39986,6.0031616,3.36219E-19,22,6,2009
39987,5.6067264,3.14016E-19,23,6,2009
39988,4.95544,2.77539E-19,24,6,2009
39989,5.2669248,2.94985E-19,25,6,2009
39990,4.1625696,2.33133E-19,26,6,2009
39991,3.7661344,2.1093E-19,27,6,2009
39992,3.4263328,1.91899E-19,28,6,2009
39993,4.24752,2.37891E-19,29,6,2009
39994,7.3057344,4.09172E-19,30,6,2009
39995,5.8615776,3.28289E-19,1,7,2009
39996,6.9659328,3.90141E-19,2,7,2009
39997,18.3209696,1.0261E-18,3,7,2009
39998,14.1584,7.9297E-19,4,7,2009
39999,8.7215744,4.88469E-19,5,7,2009
40000,5.9182112,3.31461E-19,6,7,2009
40001,4.672272,2.6168E-19,7,7,2009
40002,8.2685056,4.63094E-19,8,7,2009
40003,8.211872,4.59922E-19,9,7,2009
40004,5.5784096,3.1243E-19,10,7,2009
40005,4.1908864,2.34719E-19,11,7,2009
40006,3.5396,1.98242E-19,12,7,2009
40007,3.0015808,1.6811E-19,13,7,2009
40008,2.48055168,1.38928E-19,14,7,2009
40009,2.12659168,1.19104E-19,15,7,2009
40010,1.92271072,1.07685E-19,16,7,2009
40011,1.87740384,1.05148E-19,17,7,2009
40012,2.48338336,1.39087E-19,18,7,2009
40013,2.82884832,1.58435E-19,19,7,2009
40014,2.37577952,1.3306E-19,20,7,2009
40015,2.03597792,1.14029E-19,21,7,2009
40016,2.9166304,1.63352E-19,22,7,2009
40017,3.681184,2.06172E-19,23,7,2009
40018,8.8348416,4.94813E-19,24,7,2009
40019,22.5968064,1.26558E-18,25,7,2009
40020,11.7231552,6.56579E-19,26,7,2009
40021,6.8526656,3.83797E-19,27,7,2009
40022,5.2669248,2.94985E-19,28,7,2009
40023,4.1625696,2.33133E-19,29,7,2009
40024,3.4546496,1.93485E-19,30,7,2009
40025,4.2192032,2.36305E-19,31,7,2009
40026,9.6560288,5.40805E-19,1,8,2009
40027,8.070288,4.51993E-19,2,8,2009
40028,5.0120736,2.80711E-19,3,8,2009
40029,3.8794016,2.17274E-19,4,8,2009
40030,3.0865312,1.72867E-19,5,8,2009
40031,2.60231392,1.45748E-19,6,8,2009
40032,2.2087104,1.23703E-19,7,8,2009
40033,1.91421568,1.0721E-19,8,8,2009
40034,1.71033472,9.57907E-20,9,8,2009
40035,1.59423584,8.92884E-20,10,8,2009
40036,2.2795024,1.27668E-19,11,8,2009
40037,3.0298976,1.69696E-19,12,8,2009
40038,2.34746272,1.31474E-19,13,8,2009
40039,1.93403744,1.0832E-19,14,8,2009
40040,1.66785952,9.34118E-20,15,8,2009
40041,1.45548352,8.15173E-20,16,8,2009
40042,1.34787968,7.54907E-20,17,8,2009
40043,1.20629568,6.7561E-20,18,8,2009
40044,1.11568192,6.2486E-20,19,8,2009
40045,1.01090976,5.6618E-20,20,8,2009
40046,0.94294944,5.28118E-20,21,8,2009
40047,1.10152352,6.1693E-20,22,8,2009
40048,1.28275104,7.18431E-20,23,8,2009
40049,1.32522624,7.4222E-20,24,8,2009
40050,1.2600976,7.05743E-20,25,8,2009
40051,1.09869184,6.15345E-20,26,8,2009
40052,0.991088,5.55079E-20,27,8,2009
40053,0.9061376,5.07501E-20,28,8,2009
40054,3.3696992,1.88727E-19,29,8,2009
40055,8.1835552,4.58337E-19,30,8,2009
40056,5.097024,2.85469E-19,31,8,2009
40057,3.3130656,1.85555E-19,1,9,2009
40058,2.41542304,1.35281E-19,2,9,2009
40059,1.87740384,1.05148E-19,3,9,2009
40060,1.59706752,8.9447E-20,4,9,2009
40061,1.37053312,7.67595E-20,5,9,2009
40062,1.18364224,6.62923E-20,6,9,2009
40063,1.06188,5.94727E-20,7,9,2009
40064,1.0052464,5.63009E-20,8,9,2009
40065,0.94578112,5.29704E-20,9,9,2009
40066,0.89481088,5.01157E-20,10,9,2009
40067,0.87498912,4.90055E-20,11,9,2009
40068,0.91746432,5.13844E-20,12,9,2009
40069,1.01374144,5.67766E-20,13,9,2009
40070,0.96843456,5.42391E-20,14,9,2009
40071,0.90896928,5.09087E-20,15,9,2009
40072,0.88348416,4.94813E-20,16,9,2009
40073,0.87498912,4.90055E-20,17,9,2009
40074,0.778712,4.36133E-20,18,9,2009
40075,0.75889024,4.25032E-20,19,9,2009
40076,0.73057344,4.09172E-20,20,9,2009
40077,0.70508832,3.94899E-20,21,9,2009
40078,0.70792,3.96485E-20,22,9,2009
40079,0.70508832,3.94899E-20,23,9,2009
40080,0.70225664,3.93313E-20,24,9,2009
40081,0.68809824,3.85383E-20,25,9,2009
40082,0.66261312,3.7111E-20,26,9,2009
40083,0.69092992,3.86969E-20,27,9,2009
40084,0.85516736,4.78954E-20,28,9,2009
40085,0.94294944,5.28118E-20,29,9,2009
40086,0.84100896,4.71024E-20,30,9,2009
40087,0.78154368,4.37719E-20,1,10,2009
40088,0.7503952,4.20274E-20,2,10,2009
40089,0.88914752,4.97985E-20,3,10,2009
40090,1.45548352,8.15173E-20,4,10,2009
40091,1.67352288,9.3729E-20,5,10,2009
40092,1.3308896,7.45392E-20,6,10,2009
40093,1.71033472,9.57907E-20,7,10,2009
40094,2.73823456,1.5336E-19,8,10,2009
40095,2.05863136,1.15298E-19,9,10,2009
40096,1.69051296,9.46806E-20,10,10,2009
40097,1.49512704,8.37376E-20,11,10,2009
40098,1.30540448,7.31118E-20,12,10,2009
40099,1.6706912,9.35704E-20,13,10,2009
40100,1.76130496,9.86454E-20,14,10,2009
40101,1.5857408,8.88126E-20,15,10,2009
40102,1.38185984,7.73938E-20,16,10,2009
40103,1.3025728,7.29532E-20,17,10,2009
40104,1.2176224,6.81954E-20,18,10,2009
40105,1.43566176,8.04071E-20,19,10,2009
40106,1.45548352,8.15173E-20,20,10,2009
40107,1.37053312,7.67595E-20,21,10,2009
40108,1.38185984,7.73938E-20,22,10,2009
40109,2.23985888,1.25448E-19,23,10,2009
40110,2.8599968,1.6018E-19,24,10,2009
40111,7.503952,4.20274E-19,25,10,2009
40112,8.0986048,4.53579E-19,26,10,2009
40113,4.6156384,2.58508E-19,27,10,2009
40114,3.822768,2.14102E-19,28,10,2009
40115,4.7855392,2.68024E-19,29,10,2009
40116,4.3041536,2.41063E-19,30,10,2009
40117,3.5112832,1.96656E-19,31,10,2009
40118,3.3130656,1.85555E-19,1,11,2009
40119,3.1997984,1.79211E-19,2,11,2009
40120,2.80053152,1.56849E-19,3,11,2009
40121,2.54001696,1.42259E-19,4,11,2009
40122,2.3644528,1.32426E-19,5,11,2009
40123,2.29082912,1.28303E-19,6,11,2009
40124,2.17756192,1.21959E-19,7,11,2009
40125,2.45506656,1.37501E-19,8,11,2009
40126,2.35878944,1.32109E-19,9,11,2009
40127,2.18605696,1.22435E-19,10,11,2009
40128,2.07278976,1.16091E-19,11,11,2009
40129,1.97368096,1.1054E-19,12,11,2009
40130,1.911384,1.07051E-19,13,11,2009
40131,3.114848,1.74453E-19,14,11,2009
40132,11.32672,6.34376E-19,15,11,2009
40133,11.468304,6.42305E-19,16,11,2009
40134,6.3995968,3.58422E-19,17,11,2009
40135,4.530688,2.5375E-19,18,11,2009
40136,3.7661344,2.1093E-19,19,11,2009
40137,4.813856,2.6961E-19,20,11,2009
40138,8.5233568,4.77368E-19,21,11,2009
40139,6.6827648,3.74282E-19,22,11,2009
40140,4.8421728,2.71196E-19,23,11,2009
40141,4.105936,2.29961E-19,24,11,2009
40142,3.7661344,2.1093E-19,25,11,2009
40143,3.7661344,2.1093E-19,26,11,2009
40144,4.4740544,2.50578E-19,27,11,2009
40145,8.49504,4.75782E-19,28,11,2009
40146,7.9003872,4.42477E-19,29,11,2009
40147,5.3518752,2.99743E-19,30,11,2009
40330,1.06754336,5.97899E-20,1,6,2010
40331,1.03922656,5.8204E-20,2,6,2010
40332,1.03922656,5.8204E-20,3,6,2010
40333,0.78720704,4.40891E-20,4,6,2010
40334,0.84667232,4.74196E-20,5,6,2010
40335,1.25160256,7.00985E-20,6,6,2010
40336,2.9449472,1.64938E-19,7,6,2010
40337,2.47205664,1.38453E-19,8,6,2010
40338,1.72166144,9.64251E-20,9,6,2010
40339,1.48946368,8.34204E-20,10,6,2010
40340,1.81793856,1.01817E-19,11,6,2010
40341,1.71882976,9.62665E-20,12,6,2010
40342,1.5291072,8.56407E-20,13,6,2010
40343,1.42716672,7.99314E-20,14,6,2010
40344,1.35354304,7.58079E-20,15,6,2010
40345,1.45265184,8.13587E-20,16,6,2010
40346,1.2459392,6.97813E-20,17,6,2010
40347,0.85516736,4.78954E-20,18,6,2010
40348,0.81835552,4.58337E-20,19,6,2010
40349,0.7928704,4.44063E-20,20,6,2010
40350,0.77021696,4.31376E-20,21,6,2010
40351,0.73906848,4.1393E-20,22,6,2010
40352,0.7503952,4.20274E-20,23,6,2010
40353,0.81835552,4.58337E-20,24,6,2010
40354,0.920296,5.1543E-20,25,6,2010
40355,0.71924672,4.02829E-20,26,6,2010
40356,0.67110816,3.75868E-20,27,6,2010
40357,0.64279136,3.60008E-20,28,6,2010
40358,0.57199936,3.2036E-20,29,6,2010
40359,0.566336,3.17188E-20,30,6,2010
40360,0.64562304,3.61594E-20,1,7,2010
40361,1.17231552,6.56579E-20,2,7,2010
40362,0.77588032,4.34547E-20,3,7,2010
40363,0.64279136,3.60008E-20,4,7,2010
40364,0.57766272,3.23532E-20,5,7,2010
40365,0.51536576,2.88641E-20,6,7,2010
40366,0.4530688,2.5375E-20,7,7,2010
40367,0.4105936,2.29961E-20,8,7,2010
40368,0.37095008,2.07758E-20,9,7,2010
40369,0.40493024,2.26789E-20,10,7,2010
40370,0.45023712,2.52164E-20,11,7,2010
40371,0.47855392,2.68024E-20,12,7,2010
40372,0.59748448,3.34633E-20,13,7,2010
40373,0.80136544,4.48821E-20,14,7,2010
40374,0.7220784,4.04415E-20,15,7,2010
40375,0.6937616,3.88555E-20,16,7,2010
40376,0.60597952,3.39391E-20,17,7,2010
40377,0.52669248,2.94985E-20,18,7,2010
40378,0.41625696,2.33133E-20,19,7,2010
40379,0.35679168,1.99828E-20,20,7,2010
40380,0.36528672,2.04586E-20,21,7,2010
40381,0.5238608,2.93399E-20,22,7,2010
40382,0.57483104,3.21946E-20,23,7,2010
40383,0.61164288,3.42563E-20,24,7,2010
40384,0.56350432,3.15602E-20,25,7,2010
40385,0.50403904,2.82297E-20,26,7,2010
40386,0.45873216,2.56922E-20,27,7,2010
40387,0.3964352,2.22032E-20,28,7,2010
40388,0.34829664,1.95071E-20,29,7,2010
40389,0.28883136,1.61766E-20,30,7,2010
40390,0.2548512,1.42735E-20,31,7,2010
40391,0.242958144,1.36074E-20,1,8,2010
40392,0.243807648,1.36549E-20,2,8,2010
40393,0.23786112,1.33219E-20,3,8,2010
40394,0.23786112,1.33219E-20,4,8,2010
40395,0.231348256,1.29571E-20,5,8,2010
40396,0.23644528,1.32426E-20,6,8,2010
40397,0.205013632,1.14822E-20,7,8,2010
40398,0.190855232,1.06892E-20,8,8,2010
40399,0.190288896,1.06575E-20,9,8,2010
40400,0.230498752,1.29095E-20,10,8,2010
40401,0.20671264,1.15774E-20,11,8,2010
40402,0.208694816,1.16884E-20,12,8,2010
40403,0.197084928,1.10381E-20,13,8,2010
40404,0.188589888,1.05624E-20,14,8,2010
40405,0.177829504,9.9597E-21,15,8,2010
40406,0.18972256,1.06258E-20,16,8,2010
40407,0.191987904,1.07527E-20,17,8,2010
40408,0.180944352,1.01342E-20,18,8,2010
40409,0.17273248,9.67423E-21,19,8,2010
40410,0.159423584,8.92884E-21,20,8,2010
40411,0.144982016,8.12001E-21,21,8,2010
40412,0.146964192,8.23103E-21,22,8,2010
40413,0.160273088,8.97642E-21,23,8,2010
40414,0.161972096,9.07157E-21,24,8,2010
40415,0.8636624,4.83712E-20,25,8,2010
40416,1.63104768,9.13501E-20,26,8,2010
40417,2.12092832,1.18787E-19,27,8,2010
40418,1.78679008,1.00073E-19,28,8,2010
40419,1.23744416,6.93056E-20,29,8,2010
40420,0.79853376,4.47235E-20,30,8,2010
40421,0.5521776,3.09258E-20,31,8,2010
40422,0.3964352,2.22032E-20,1,9,2010
40423,0.43041536,2.41063E-20,2,9,2010
40424,0.41342528,2.31547E-20,3,9,2010
40425,0.33130656,1.85555E-20,4,9,2010
40426,0.38794016,2.17274E-20,5,9,2010
40427,0.41342528,2.31547E-20,6,9,2010
40428,0.248338336,1.39087E-20,7,9,2010
40429,0.24635616,1.37977E-20,8,9,2010
40430,0.232764096,1.30364E-20,9,9,2010
40431,0.208694816,1.16884E-20,10,9,2010
40432,0.186041376,1.04196E-20,11,9,2010
40433,0.17839584,9.99142E-21,12,9,2010
40434,0.180661184,1.01183E-20,13,9,2010
40435,0.183492864,1.02769E-20,14,9,2010
40436,0.176130496,9.86454E-21,15,9,2010
40437,0.16848496,9.43634E-21,16,9,2010
40438,0.243241312,1.36232E-20,17,9,2010
40439,0.201332448,1.1276E-20,18,9,2010
40440,0.186607712,1.04513E-20,19,9,2010
40441,0.188589888,1.05624E-20,20,9,2010
40442,0.179528512,1.00549E-20,21,9,2010
40443,0.133938464,7.50149E-21,22,9,2010
40444,0.156875072,8.7861E-21,23,9,2010
40445,0.148096864,8.29446E-21,24,9,2010
40446,0.146681024,8.21517E-21,25,9,2010
40447,0.138469152,7.75524E-21,26,9,2010
40448,0.142716672,7.99314E-21,27,9,2010
40449,0.177546336,9.94384E-21,28,9,2010
40450,0.2619304,1.46699E-20,29,9,2010
40451,0.194819584,1.09113E-20,30,9,2010
40452,0.36528672,2.04586E-20,1,10,2010
40453,0.64562304,3.61594E-20,2,10,2010
40454,0.79003872,4.42477E-20,3,10,2010
40455,0.69942496,3.91727E-20,4,10,2010
40456,0.56916768,3.18774E-20,5,10,2010
40457,0.47572224,2.66438E-20,6,10,2010
40458,0.58332608,3.26704E-20,7,10,2010
40459,0.566336,3.17188E-20,8,10,2010
40460,0.45873216,2.56922E-20,9,10,2010
40461,0.264195744,1.47968E-20,10,10,2010
40462,0.267876928,1.5003E-20,11,10,2010
40463,0.49837568,2.79125E-20,12,10,2010
40464,0.34263328,1.91899E-20,13,10,2010
40465,0.252302688,1.41307E-20,14,10,2010
40466,1.1043552,6.18516E-20,15,10,2010
40467,4.5873216,2.56922E-19,16,10,2010
40468,6.8243488,3.82211E-19,17,10,2010
40469,4.0493024,2.26789E-19,18,10,2010
40470,2.77787808,1.55581E-19,19,10,2010
40471,2.31348256,1.29571E-19,20,10,2010
40472,1.97934432,1.10857E-19,21,10,2010
40473,1.80944352,1.01342E-19,22,10,2010
40474,1.71599808,9.61079E-20,23,10,2010
40475,1.7556416,9.83282E-20,24,10,2010
40476,1.75280992,9.81697E-20,25,10,2010
40477,1.95952256,1.09747E-19,26,10,2010
40478,2.42958144,1.36074E-19,27,10,2010
40479,3.4546496,1.93485E-19,28,10,2010
40480,3.7944512,2.12516E-19,29,10,2010
40481,3.1431648,1.76039E-19,30,10,2010
40482,2.70991776,1.51774E-19,31,10,2010
40483,2.53718528,1.421E-19,1,11,2010
40484,2.33896768,1.30999E-19,2,11,2010
40485,2.19738368,1.23069E-19,3,11,2010
40486,2.24552224,1.25765E-19,4,11,2010
40487,3.398016,1.90313E-19,5,11,2010
40488,5.1819744,2.90227E-19,6,11,2010
40489,4.0493024,2.26789E-19,7,11,2010
40490,3.398016,1.90313E-19,8,11,2010
40491,3.7378176,2.09344E-19,9,11,2010
40492,3.6245504,2.03E-19,10,11,2010
40493,3.1714816,1.77625E-19,11,11,2010
40494,2.69859104,1.5114E-19,12,11,2010
40495,2.32764096,1.30364E-19,13,11,2010
40496,2.10393824,1.17835E-19,14,11,2010
40497,1.95102752,1.09271E-19,15,11,2010
40498,1.86607712,1.04513E-19,16,11,2010
40499,3.4263328,1.91899E-19,17,11,2010
40500,8.636624,4.83712E-19,18,11,2010
40501,5.7199936,3.2036E-19,19,11,2010
40502,4.2192032,2.36305E-19,20,11,2010
40503,3.6245504,2.03E-19,21,11,2010
40504,3.114848,1.74453E-19,22,11,2010
40505,2.82318496,1.58118E-19,23,11,2010
40506,2.65611584,1.48761E-19,24,11,2010
40507,2.406928,1.34805E-19,25,11,2010
40508,2.35312608,1.31792E-19,26,11,2010
40509,2.72973952,1.52885E-19,27,11,2010
40510,2.8599968,1.6018E-19,28,11,2010
40511,2.57399712,1.44162E-19,29,11,2010
40512,2.28516576,1.27985E-19,30,11,2010
40695,2.70708608,1.51616E-19,1,6,2011
40696,2.44657152,1.37025E-19,2,6,2011
40697,2.19738368,1.23069E-19,3,6,2011
40698,1.9397008,1.08637E-19,4,6,2011
40699,1.84908704,1.03562E-19,5,6,2011
40700,1.6706912,9.35704E-20,6,6,2011
40701,1.41017664,7.89798E-20,7,6,2011
40702,1.24310752,6.96227E-20,8,6,2011
40703,1.19496896,6.69266E-20,9,6,2011
40704,1.34787968,7.54907E-20,10,6,2011
40705,1.47530528,8.26274E-20,11,6,2011
40706,2.01615616,1.12919E-19,12,6,2011
40707,2.45506656,1.37501E-19,13,6,2011
40708,2.20021536,1.23227E-19,14,6,2011
40709,1.90288896,1.06575E-19,15,6,2011
40710,1.64520608,9.21431E-20,16,6,2011
40711,1.39318656,7.80282E-20,17,6,2011
40712,1.36203808,7.62837E-20,18,6,2011
40713,1.62538432,9.10329E-20,19,6,2011
40714,1.37053312,7.67595E-20,20,6,2011
40715,1.11568192,6.2486E-20,21,6,2011
40716,0.97976128,5.48735E-20,22,6,2011
40717,1.0477216,5.86798E-20,23,6,2011
40718,1.23744416,6.93056E-20,24,6,2011
40719,1.78112672,9.97556E-20,25,6,2011
40720,2.05013632,1.14822E-19,26,6,2011
40721,1.73865152,9.73767E-20,27,6,2011
40722,1.42433504,7.97728E-20,28,6,2011
40723,1.22328576,6.85126E-20,29,6,2011
40724,1.132672,6.34376E-20,30,6,2011
40725,1.01090976,5.6618E-20,1,7,2011
40726,0.8919792,4.99571E-20,2,7,2011
40727,0.80986048,4.53579E-20,3,7,2011
40728,0.8070288,4.51993E-20,4,7,2011
40729,0.81269216,4.55165E-20,5,7,2011
40730,0.96843456,5.42391E-20,6,7,2011
40731,0.96843456,5.42391E-20,7,7,2011
40732,0.8778208,4.91641E-20,8,7,2011
40733,0.44457376,2.48993E-20,9,7,2011
40734,0.232764096,1.30364E-20,10,7,2011
40735,0.33130656,1.85555E-20,11,7,2011
40736,0.424752,2.37891E-20,12,7,2011
40737,0.4530688,2.5375E-20,13,7,2011
40738,0.52669248,2.94985E-20,14,7,2011
40739,0.69092992,3.86969E-20,15,7,2011
40740,0.61447456,3.44149E-20,16,7,2011
40741,0.54085088,3.02914E-20,17,7,2011
40742,0.51253408,2.87055E-20,18,7,2011
40743,0.57199936,3.2036E-20,19,7,2011
40744,0.4813856,2.6961E-20,20,7,2011
40745,0.204164128,1.14346E-20,21,7,2011
40746,0.174431488,9.76939E-21,22,7,2011
40747,0.2973264,1.66524E-20,23,7,2011
40748,0.32847488,1.83969E-20,24,7,2011
40749,0.36245504,2.03E-20,25,7,2011
40750,0.45023712,2.52164E-20,26,7,2011
40751,0.566336,3.17188E-20,27,7,2011
40752,0.58332608,3.26704E-20,28,7,2011
40753,0.78154368,4.37719E-20,29,7,2011
40754,1.00241472,5.61423E-20,30,7,2011
40755,0.92312768,5.17016E-20,31,7,2011
40756,0.8919792,4.99571E-20,1,8,2011
40757,0.920296,5.1543E-20,2,8,2011
40758,0.87498912,4.90055E-20,3,8,2011
40759,0.70508832,3.94899E-20,4,8,2011
40760,0.57199936,3.2036E-20,5,8,2011
40761,0.495544,2.77539E-20,6,8,2011
40762,0.50687072,2.83883E-20,7,8,2011
40763,0.57766272,3.23532E-20,8,8,2011
40764,0.54651424,3.06086E-20,9,8,2011
40765,0.60314784,3.37805E-20,10,8,2011
40766,0.61164288,3.42563E-20,11,8,2011
40767,0.56916768,3.18774E-20,12,8,2011
40768,0.4105936,2.29961E-20,13,8,2011
40769,0.221154208,1.23862E-20,14,8,2011
40770,0.30298976,1.69696E-20,15,8,2011
40771,0.86932576,4.86883E-20,16,8,2011
40772,1.06754336,5.97899E-20,17,8,2011
40773,1.3025728,7.29532E-20,18,8,2011
40774,1.25726592,7.04157E-20,19,8,2011
40775,1.16382048,6.51821E-20,20,8,2011
40776,1.0477216,5.86798E-20,21,8,2011
40777,0.88914752,4.97985E-20,22,8,2011
40778,0.79003872,4.42477E-20,23,8,2011
40779,0.75322688,4.2186E-20,24,8,2011
40780,0.74756352,4.18688E-20,25,8,2011
40781,0.79853376,4.47235E-20,26,8,2011
40782,0.88631584,4.96399E-20,27,8,2011
40783,3.7095008,2.07758E-19,28,8,2011
40784,16.848496,9.43634E-19,29,8,2011
40785,13.1956288,7.39048E-19,30,8,2011
40786,6.7110816,3.75868E-19,31,8,2011
40787,4.3607872,2.44235E-19,1,9,2011
40788,3.2847488,1.83969E-19,2,9,2011
40789,2.33896768,1.30999E-19,3,9,2011
40790,1.86041376,1.04196E-19,4,9,2011
40791,1.60556256,8.99228E-20,5,9,2011
40792,1.7556416,9.83282E-20,6,9,2011
40793,3.3413824,1.87141E-19,7,9,2011
40794,6.7393984,3.77454E-19,8,9,2011
40795,6.3995968,3.58422E-19,9,9,2011
40796,4.4740544,2.50578E-19,10,9,2011
40797,3.3413824,1.87141E-19,11,9,2011
40798,2.69575936,1.50981E-19,12,9,2011
40799,2.2228688,1.24496E-19,13,9,2011
40800,1.90572064,1.06734E-19,14,9,2011
40801,1.68768128,9.4522E-20,15,9,2011
40802,1.699008,9.51564E-20,16,9,2011
40803,1.5857408,8.88126E-20,17,9,2011
40804,1.4016816,7.8504E-20,18,9,2011
40805,1.274256,7.13673E-20,19,9,2011
40806,1.14966208,6.43891E-20,20,9,2011
40807,1.14399872,6.4072E-20,21,9,2011
40808,1.20063232,6.72438E-20,22,9,2011
40809,1.36486976,7.64423E-20,23,9,2011
40810,2.55983872,1.43369E-19,24,9,2011
40811,4.4457376,2.48993E-19,25,9,2011
40812,3.398016,1.90313E-19,26,9,2011
40813,2.65894752,1.4892E-19,27,9,2011
40814,2.09827488,1.17518E-19,28,9,2011
40815,1.95102752,1.09271E-19,29,9,2011
40816,5.1253408,2.87055E-19,30,9,2011
40817,5.9748448,3.34633E-19,1,10,2011
40818,5.946528,3.33047E-19,2,10,2011
40819,10.9302848,6.12173E-19,3,10,2011
40820,12.3744416,6.93056E-19,4,10,2011
40821,13.025728,7.29532E-19,5,10,2011
40822,9.7976128,5.48735E-19,6,10,2011
40823,6.1730624,3.45735E-19,7,10,2011
40824,4.8421728,2.71196E-19,8,10,2011
40825,3.9926688,2.23617E-19,9,10,2011
40826,3.3696992,1.88727E-19,10,10,2011
40827,3.1714816,1.77625E-19,11,10,2011
40828,2.83168,1.58594E-19,12,10,2011
40829,2.73540288,1.53202E-19,13,10,2011
40830,4.105936,2.29961E-19,14,10,2011
40831,11.4966208,6.43891E-19,15,10,2011
40832,11.4116704,6.39134E-19,16,10,2011
40833,7.0792,3.96485E-19,17,10,2011
40834,5.2952416,2.96571E-19,18,10,2011
40835,4.5590048,2.55336E-19,19,10,2011
40836,7.1075168,3.98071E-19,20,10,2011
40837,8.7498912,4.90055E-19,21,10,2011
40838,6.4279136,3.60008E-19,22,10,2011
40839,5.238608,2.93399E-19,23,10,2011
40840,4.6156384,2.58508E-19,24,10,2011
40841,4.24752,2.37891E-19,25,10,2011
40842,3.9077184,2.1886E-19,26,10,2011
40843,4.0776192,2.28375E-19,27,10,2011
40844,5.804944,3.25118E-19,28,10,2011
40845,5.4368256,3.045E-19,29,10,2011
40846,5.6916768,3.18774E-19,30,10,2011
40847,6.7393984,3.77454E-19,31,10,2011
40848,6.6827648,3.74282E-19,1,11,2011
40849,6.8526656,3.83797E-19,2,11,2011
40850,6.9659328,3.90141E-19,3,11,2011
40851,6.5411808,3.66352E-19,4,11,2011
40852,5.6067264,3.14016E-19,5,11,2011
40853,4.7855392,2.68024E-19,6,11,2011
40854,4.2758368,2.39477E-19,7,11,2011
40855,3.9360352,2.20446E-19,8,11,2011
40856,3.7378176,2.09344E-19,9,11,2011
40857,4.6156384,2.58508E-19,10,11,2011
40858,12.600976,7.05743E-19,11,11,2011
40859,13.9035488,7.78696E-19,12,11,2011
40860,8.6932576,4.86883E-19,13,11,2011
40861,6.8526656,3.83797E-19,14,11,2011
40862,6.1164288,3.42563E-19,15,11,2011
40863,5.6916768,3.18774E-19,16,11,2011
40864,6.088112,3.40977E-19,17,11,2011
40865,5.6916768,3.18774E-19,18,11,2011
40866,4.7005888,2.63266E-19,19,11,2011
40867,4.2758368,2.39477E-19,20,11,2011
40868,3.964352,2.22032E-19,21,11,2011
40869,3.6245504,2.03E-19,22,11,2011
40870,5.5500928,3.10844E-19,23,11,2011
40871,6.1447456,3.44149E-19,24,11,2011
40872,5.2102912,2.91813E-19,25,11,2011
40873,5.3235584,2.98157E-19,26,11,2011
40874,6.1730624,3.45735E-19,27,11,2011
40875,6.3429632,3.5525E-19,28,11,2011
40876,6.1730624,3.45735E-19,29,11,2011
40877,9.769296,5.47149E-19,30,11,2011