precip,date,day,month,year,,,,,,,,
0,6/1/02,1,6,2002,,,,,,,,
1.3,6/2/02,2,6,2002,,,,,,,,
0,6/3/02,3,6,2002,,,,,,,,
0,6/4/02,4,6,2002,,,,,,,,
5.8,6/5/02,5,6,2002,,,,,,,,
20.1,6/6/02,6,6,2002,,,,,,,,
16,6/7/02,7,6,2002,,,,,,,,
0,6/8/02,8,6,2002,,,,,,,,
0,6/9/02,9,6,2002,,,,,,,,
0,6/10/02,10,6,2002,,,,,,,,
6.1,6/11/02,11,6,2002,,,,,,,,
4.1,6/12/02,12,6,2002,,,,,,,,
0,6/13/02,13,6,2002,,,,,,,,
1,6/14/02,14,6,2002,,,,,,,,
18.8,6/15/02,15,6,2002,,,,,,,,
5.6,6/16/02,16,6,2002,,,,,,,,
5.1,6/17/02,17,6,2002,,,,,,,,
0,6/18/02,18,6,2002,,,,,,,,
0.5,6/19/02,19,6,2002,,,,,,,,
0,6/20/02,20,6,2002,,,,,,,,
0,6/21/02,21,6,2002,,,,,,,,
1.3,6/22/02,22,6,2002,,,,,,,,
1.8,6/23/02,23,6,2002,,,,,,,,
0,6/24/02,24,6,2002,,,,,,,,
0,6/25/02,25,6,2002,,,,,,,,
0,6/26/02,26,6,2002,,,,,,,,
33.5,6/27/02,27,6,2002,,,,,,,,
0.3,6/28/02,28,6,2002,,,,,,,,
0,6/29/02,29,6,2002,,,,,,,,
0,6/30/02,30,6,2002,,,,,,,,
0,7/1/02,1,7,2002,,,,,,,,
0,7/2/02,2,7,2002,,,,,,,,
0,7/3/02,3,7,2002,,,,,,,,
0,7/4/02,4,7,2002,,,,,,,,
0,7/5/02,5,7,2002,,,,,,,,
0,7/6/02,6,7,2002,,,,,,,,
0,7/7/02,7,7,2002,,,,,,,,
0,7/8/02,8,7,2002,,,,,,,,
15.5,7/9/02,9,7,2002,,,,,,,,
0.3,7/10/02,10,7,2002,,,,,,,,
0,7/11/02,11,7,2002,,,,,,,,
0,7/12/02,12,7,2002,,,,,,,,
0,7/13/02,13,7,2002,,,,,,,,
0,7/14/02,14,7,2002,,,,,,,,
1.3,7/15/02,15,7,2002,,,,,,,,
0,7/16/02,16,7,2002,,,,,,,,
0,7/17/02,17,7,2002,,,,,,,,
0,7/18/02,18,7,2002,,,,,,,,
5.1,7/19/02,19,7,2002,,,,,,,,
0,7/20/02,20,7,2002,,,,,,,,
0,7/21/02,21,7,2002,,,,,,,,
0,7/22/02,22,7,2002,,,,,,,,
11.7,7/23/02,23,7,2002,,,,,,,,
0,7/24/02,24,7,2002,,,,,,,,
0,7/25/02,25,7,2002,,,,,,,,
0,7/26/02,26,7,2002,,,,,,,,
1.8,7/27/02,27,7,2002,,,,,,,,
0.5,7/28/02,28,7,2002,,,,,,,,
0,7/29/02,29,7,2002,,,,,,,,
0,7/30/02,30,7,2002,,,,,,,,
0,7/31/02,31,7,2002,,,,,,,,
0,8/1/02,1,8,2002,,,,,,,,
2.8,8/2/02,2,8,2002,,,,,,,,
0,8/3/02,3,8,2002,,,,,,,,
0,8/4/02,4,8,2002,,,,,,,,
0,8/5/02,5,8,2002,,,,,,,,
0,8/6/02,6,8,2002,,,,,,,,
0,8/7/02,7,8,2002,,,,,,,,
0,8/8/02,8,8,2002,,,,,,,,
0,8/9/02,9,8,2002,,,,,,,,
0,8/10/02,10,8,2002,,,,,,,,
0,8/11/02,11,8,2002,,,,,,,,
0,8/12/02,12,8,2002,,,,,,,,
0,8/13/02,13,8,2002,,,,,,,,
0,8/14/02,14,8,2002,,,,,,,,
0,8/15/02,15,8,2002,,,,,,,,
0.5,8/16/02,16,8,2002,,,,,,,,
0,8/17/02,17,8,2002,,,,,,,,
0,8/18/02,18,8,2002,,,,,,,,
0,8/19/02,19,8,2002,,,,,,,,
8.6,8/20/02,20,8,2002,,,,,,,,
0,8/21/02,21,8,2002,,,,,,,,
11.9,8/22/02,22,8,2002,,,,,,,,
0.5,8/23/02,23,8,2002,,,,,,,,
6.9,8/24/02,24,8,2002,,,,,,,,
0.3,8/25/02,25,8,2002,,,,,,,,
0,8/26/02,26,8,2002,,,,,,,,
0,8/27/02,27,8,2002,,,,,,,,
0,8/28/02,28,8,2002,,,,,,,,
21.3,8/29/02,29,8,2002,,,,,,,,
1.3,8/30/02,30,8,2002,,,,,,,,
0,8/31/02,31,8,2002,,,,,,,,
0.3,9/1/02,1,9,2002,,,,,,,,
13,9/2/02,2,9,2002,,,,,,,,
9.9,9/3/02,3,9,2002,,,,,,,,
8.9,9/4/02,4,9,2002,,,,,,,,
0,9/5/02,5,9,2002,,,,,,,,
0,9/6/02,6,9,2002,,,,,,,,
0,9/7/02,7,9,2002,,,,,,,,
0,9/8/02,8,9,2002,,,,,,,,
0,9/9/02,9,9,2002,,,,,,,,
0,9/10/02,10,9,2002,,,,,,,,
0,9/11/02,11,9,2002,,,,,,,,
0,9/12/02,12,9,2002,,,,,,,,
0,9/13/02,13,9,2002,,,,,,,,
0,9/14/02,14,9,2002,,,,,,,,
6.4,9/15/02,15,9,2002,,,,,,,,
5.1,9/16/02,16,9,2002,,,,,,,,
0,9/17/02,17,9,2002,,,,,,,,
0,9/18/02,18,9,2002,,,,,,,,
0,9/19/02,19,9,2002,,,,,,,,
0,9/20/02,20,9,2002,,,,,,,,
0,9/21/02,21,9,2002,,,,,,,,
4.6,9/22/02,22,9,2002,,,,,,,,
23.1,9/23/02,23,9,2002,,,,,,,,
0,9/24/02,24,9,2002,,,,,,,,
0,9/25/02,25,9,2002,,,,,,,,
3.8,9/26/02,26,9,2002,,,,,,,,
7.6,9/27/02,27,9,2002,,,,,,,,
3.6,9/28/02,28,9,2002,,,,,,,,
0,9/29/02,29,9,2002,,,,,,,,
0,9/30/02,30,9,2002,,,,,,,,
0,10/1/02,1,10,2002,,,,,,,,
0,10/2/02,2,10,2002,,,,,,,,
0.3,10/3/02,3,10,2002,,,,,,,,
0.3,10/4/02,4,10,2002,,,,,,,,
1,10/5/02,5,10,2002,,,,,,,,
0,10/6/02,6,10,2002,,,,,,,,
0,10/7/02,7,10,2002,,,,,,,,
0,10/8/02,8,10,2002,,,,,,,,
0,10/9/02,9,10,2002,,,,,,,,
0,10/10/02,10,10,2002,,,,,,,,
2.5,10/11/02,11,10,2002,,,,,,,,
5.8,10/12/02,12,10,2002,,,,,,,,
9.1,10/13/02,13,10,2002,,,,,,,,
0,10/14/02,14,10,2002,,,,,,,,
0,10/15/02,15,10,2002,,,,,,,,
18,10/16/02,16,10,2002,,,,,,,,
0,10/17/02,17,10,2002,,,,,,,,
0,10/18/02,18,10,2002,,,,,,,,
0,10/19/02,19,10,2002,,,,,,,,
0,10/20/02,20,10,2002,,,,,,,,
0,10/21/02,21,10,2002,,,,,,,,
0,10/22/02,22,10,2002,,,,,,,,
6.9,10/23/02,23,10,2002,,,,,,,,
0,10/24/02,24,10,2002,,,,,,,,
0,10/25/02,25,10,2002,,,,,,,,
44.2,10/26/02,26,10,2002,,,,,,,,
0,10/27/02,27,10,2002,,,,,,,,
0,10/28/02,28,10,2002,,,,,,,,
0,10/29/02,29,10,2002,,,,,,,,
0,10/30/02,30,10,2002,,,,,,,,
0,10/31/02,31,10,2002,,,,,,,,
0.3,11/1/02,1,11,2002,,,,,,,,
0,11/2/02,2,11,2002,,,,,,,,
0,11/3/02,3,11,2002,,,,,,,,
1.5,11/4/02,4,11,2002,,,,,,,,
0,11/5/02,5,11,2002,,,,,,,,
22.4,11/6/02,6,11,2002,,,,,,,,
0,11/7/02,7,11,2002,,,,,,,,
0,11/8/02,8,11,2002,,,,,,,,
0,11/9/02,9,11,2002,,,,,,,,
0,11/10/02,10,11,2002,,,,,,,,
1.8,11/11/02,11,11,2002,,,,,,,,
17.5,11/12/02,12,11,2002,,,,,,,,
14.7,11/13/02,13,11,2002,,,,,,,,
0,11/14/02,14,11,2002,,,,,,,,
0,11/15/02,15,11,2002,,,,,,,,
11.9,11/16/02,16,11,2002,,,,,,,,
31.8,11/17/02,17,11,2002,,,,,,,,
4.8,11/18/02,18,11,2002,,,,,,,,
0,11/19/02,19,11,2002,,,,,,,,
0,11/20/02,20,11,2002,,,,,,,,
0,11/21/02,21,11,2002,,,,,,,,
14.2,11/22/02,22,11,2002,,,,,,,,
0,11/23/02,23,11,2002,,,,,,,,
0,11/24/02,24,11,2002,,,,,,,,
1,11/25/02,25,11,2002,,,,,,,,
0.3,11/26/02,26,11,2002,,,,,,,,
5.3,11/27/02,27,11,2002,,,,,,,,
0,11/28/02,28,11,2002,,,,,,,,
0.3,11/29/02,29,11,2002,,,,,,,,
0,11/30/02,30,11,2002,,,,,,,,
29,6/1/03,1,6,2003,,,,,,,,
0,6/2/03,2,6,2003,,,,,,,,
0,6/3/03,3,6,2003,,,,,,,,
0.8,6/4/03,4,6,2003,,,,,,,,
3.3,6/5/03,5,6,2003,,,,,,,,
0,6/6/03,6,6,2003,,,,,,,,
20.3,6/7/03,7,6,2003,,,,,,,,
0,6/8/03,8,6,2003,,,,,,,,
0,6/9/03,9,6,2003,,,,,,,,
0,6/10/03,10,6,2003,,,,,,,,
5.3,6/11/03,11,6,2003,,,,,,,,
0,6/12/03,12,6,2003,,,,,,,,
3.8,6/13/03,13,6,2003,,,,,,,,
1.8,6/14/03,14,6,2003,,,,,,,,
0,6/15/03,15,6,2003,,,,,,,,
0,6/16/03,16,6,2003,,,,,,,,
0,6/17/03,17,6,2003,,,,,,,,
4.1,6/18/03,18,6,2003,,,,,,,,
0,6/19/03,19,6,2003,,,,,,,,
0,6/20/03,20,6,2003,,,,,,,,
5.3,6/21/03,21,6,2003,,,,,,,,
44.7,6/22/03,22,6,2003,,,,,,,,
0.8,6/23/03,23,6,2003,,,,,,,,
0,6/24/03,24,6,2003,,,,,,,,
0,6/25/03,25,6,2003,,,,,,,,
0,6/26/03,26,6,2003,,,,,,,,
0,6/27/03,27,6,2003,,,,,,,,
0,6/28/03,28,6,2003,,,,,,,,
0,6/29/03,29,6,2003,,,,,,,,
0,6/30/03,30,6,2003,,,,,,,,
0,7/1/03,1,7,2003,,,,,,,,
0,7/2/03,2,7,2003,,,,,,,,
0,7/3/03,3,7,2003,,,,,,,,
0,7/4/03,4,7,2003,,,,,,,,
0,7/5/03,5,7,2003,,,,,,,,
0,7/6/03,6,7,2003,,,,,,,,
0,7/7/03,7,7,2003,,,,,,,,
0,7/8/03,8,7,2003,,,,,,,,
2.5,7/9/03,9,7,2003,,,,,,,,
0,7/10/03,10,7,2003,,,,,,,,
5.3,7/11/03,11,7,2003,,,,,,,,
0,7/12/03,12,7,2003,,,,,,,,
0,7/13/03,13,7,2003,,,,,,,,
0,7/14/03,14,7,2003,,,,,,,,
0,7/15/03,15,7,2003,,,,,,,,
0.5,7/16/03,16,7,2003,,,,,,,,
0,7/17/03,17,7,2003,,,,,,,,
4.3,7/18/03,18,7,2003,,,,,,,,
10.9,7/19/03,19,7,2003,,,,,,,,
0,7/20/03,20,7,2003,,,,,,,,
0,7/21/03,21,7,2003,,,,,,,,
8.1,7/22/03,22,7,2003,,,,,,,,
16,7/23/03,23,7,2003,,,,,,,,
5.8,7/24/03,24,7,2003,,,,,,,,
0,7/25/03,25,7,2003,,,,,,,,
0,7/26/03,26,7,2003,,,,,,,,
0,7/27/03,27,7,2003,,,,,,,,
0,7/28/03,28,7,2003,,,,,,,,
0,7/29/03,29,7,2003,,,,,,,,
0,7/30/03,30,7,2003,,,,,,,,
0,7/31/03,31,7,2003,,,,,,,,
21.6,8/1/03,1,8,2003,,,,,,,,
1.3,8/2/03,2,8,2003,,,,,,,,
4.1,8/3/03,3,8,2003,,,,,,,,
6.1,8/4/03,4,8,2003,,,,,,,,
0.3,8/5/03,5,8,2003,,,,,,,,
0,8/6/03,6,8,2003,,,,,,,,
8.9,8/7/03,7,8,2003,,,,,,,,
22.6,8/8/03,8,8,2003,,,,,,,,
0.3,8/9/03,9,8,2003,,,,,,,,
5.3,8/10/03,10,8,2003,,,,,,,,
0,8/11/03,11,8,2003,,,,,,,,
1,8/12/03,12,8,2003,,,,,,,,
1.3,8/13/03,13,8,2003,,,,,,,,
0,8/14/03,14,8,2003,,,,,,,,
0,8/15/03,15,8,2003,,,,,,,,
0,8/16/03,16,8,2003,,,,,,,,
0.8,8/17/03,17,8,2003,,,,,,,,
0,8/18/03,18,8,2003,,,,,,,,
0,8/19/03,19,8,2003,,,,,,,,
0,8/20/03,20,8,2003,,,,,,,,
0,8/21/03,21,8,2003,,,,,,,,
0,8/22/03,22,8,2003,,,,,,,,
-99,8/23/03,23,8,2003,,,,,,,,
-99,8/24/03,24,8,2003,,,,,,,,
0,8/25/03,25,8,2003,,,,,,,,
0,8/26/03,26,8,2003,,,,,,,,
0,8/27/03,27,8,2003,,,,,,,,
0,8/28/03,28,8,2003,,,,,,,,
0,8/29/03,29,8,2003,,,,,,,,
0,8/30/03,30,8,2003,,,,,,,,
0,8/31/03,31,8,2003,,,,,,,,
0,9/1/03,1,9,2003,,,,,,,,
10.2,9/2/03,2,9,2003,,,,,,,,
0,9/3/03,3,9,2003,,,,,,,,
10.4,9/4/03,4,9,2003,,,,,,,,
0,9/5/03,5,9,2003,,,,,,,,
0,9/6/03,6,9,2003,,,,,,,,
0,9/7/03,7,9,2003,,,,,,,,
0,9/8/03,8,9,2003,,,,,,,,
0,9/9/03,9,9,2003,,,,,,,,
0,9/10/03,10,9,2003,,,,,,,,
0,9/11/03,11,9,2003,,,,,,,,
0,9/12/03,12,9,2003,,,,,,,,
0,9/13/03,13,9,2003,,,,,,,,
0,9/14/03,14,9,2003,,,,,,,,
0,9/15/03,15,9,2003,,,,,,,,
13.5,9/16/03,16,9,2003,,,,,,,,
0,9/17/03,17,9,2003,,,,,,,,
0,9/18/03,18,9,2003,,,,,,,,
5.1,9/19/03,19,9,2003,,,,,,,,
0,9/20/03,20,9,2003,,,,,,,,
0,9/21/03,21,9,2003,,,,,,,,
0,9/22/03,22,9,2003,,,,,,,,
26.7,9/23/03,23,9,2003,,,,,,,,
0,9/24/03,24,9,2003,,,,,,,,
0,9/25/03,25,9,2003,,,,,,,,
0,9/26/03,26,9,2003,,,,,,,,
0,9/27/03,27,9,2003,,,,,,,,
1.5,9/28/03,28,9,2003,,,,,,,,
0,9/29/03,29,9,2003,,,,,,,,
0,9/30/03,30,9,2003,,,,,,,,
0,10/1/03,1,10,2003,,,,,,,,
2,10/2/03,2,10,2003,,,,,,,,
0,10/3/03,3,10,2003,,,,,,,,
2.8,10/4/03,4,10,2003,,,,,,,,
0,10/5/03,5,10,2003,,,,,,,,
0,10/6/03,6,10,2003,,,,,,,,
0,10/7/03,7,10,2003,,,,,,,,
0,10/8/03,8,10,2003,,,,,,,,
0,10/9/03,9,10,2003,,,,,,,,
0,10/10/03,10,10,2003,,,,,,,,
0,10/11/03,11,10,2003,,,,,,,,
50.8,10/12/03,12,10,2003,,,,,,,,
0,10/13/03,13,10,2003,,,,,,,,
0,10/14/03,14,10,2003,,,,,,,,
35.6,10/15/03,15,10,2003,,,,,,,,
0,10/16/03,16,10,2003,,,,,,,,
0.3,10/17/03,17,10,2003,,,,,,,,
1.3,10/18/03,18,10,2003,,,,,,,,
0,10/19/03,19,10,2003,,,,,,,,
0,10/20/03,20,10,2003,,,,,,,,
0.5,10/21/03,21,10,2003,,,,,,,,
0.3,10/22/03,22,10,2003,,,,,,,,
0.3,10/23/03,23,10,2003,,,,,,,,
0,10/24/03,24,10,2003,,,,,,,,
0,10/25/03,25,10,2003,,,,,,,,
0,10/26/03,26,10,2003,,,,,,,,
25.4,10/27/03,27,10,2003,,,,,,,,
0.5,10/28/03,28,10,2003,,,,,,,,
37.8,10/29/03,29,10,2003,,,,,,,,
0,10/30/03,30,10,2003,,,,,,,,
0,10/31/03,31,10,2003,,,,,,,,
0,11/1/03,1,11,2003,,,,,,,,
0.8,11/2/03,2,11,2003,,,,,,,,
7.6,11/3/03,3,11,2003,,,,,,,,
0.3,11/4/03,4,11,2003,,,,,,,,
17.5,11/5/03,5,11,2003,,,,,,,,
0,11/6/03,6,11,2003,,,,,,,,
0,11/7/03,7,11,2003,,,,,,,,
0,11/8/03,8,11,2003,,,,,,,,
0,11/9/03,9,11,2003,,,,,,,,
0,11/10/03,10,11,2003,,,,,,,,
3.6,11/11/03,11,11,2003,,,,,,,,
0,11/12/03,12,11,2003,,,,,,,,
4.3,11/13/03,13,11,2003,,,,,,,,
0,11/14/03,14,11,2003,,,,,,,,
0,11/15/03,15,11,2003,,,,,,,,
0,11/16/03,16,11,2003,,,,,,,,
0.8,11/17/03,17,11,2003,,,,,,,,
0,11/18/03,18,11,2003,,,,,,,,
0,11/19/03,19,11,2003,,,,,,,,
12.4,11/20/03,20,11,2003,,,,,,,,
1.8,11/21/03,21,11,2003,,,,,,,,
0,11/22/03,22,11,2003,,,,,,,,
0,11/23/03,23,11,2003,,,,,,,,
0,11/24/03,24,11,2003,,,,,,,,
3.8,11/25/03,25,11,2003,,,,,,,,
0,11/26/03,26,11,2003,,,,,,,,
0,11/27/03,27,11,2003,,,,,,,,
10.9,11/28/03,28,11,2003,,,,,,,,
3,11/29/03,29,11,2003,,,,,,,,
0,11/30/03,30,11,2003,,,,,,,,
6.4,6/1/04,1,6,2004,,,,,,,,
12.4,6/2/04,2,6,2004,,,,,,,,
2.5,6/3/04,3,6,2004,,,,,,,,
0,6/4/04,4,6,2004,,,,,,,,
0,6/5/04,5,6,2004,,,,,,,,
4.1,6/6/04,6,6,2004,,,,,,,,
0,6/7/04,7,6,2004,,,,,,,,
0,6/8/04,8,6,2004,,,,,,,,
3,6/9/04,9,6,2004,,,,,,,,
0.3,6/10/04,10,6,2004,,,,,,,,
0,6/11/04,11,6,2004,,,,,,,,
0,6/12/04,12,6,2004,,,,,,,,
0,6/13/04,13,6,2004,,,,,,,,
0,6/14/04,14,6,2004,,,,,,,,
0,6/15/04,15,6,2004,,,,,,,,
0,6/16/04,16,6,2004,,,,,,,,
0.3,6/17/04,17,6,2004,,,,,,,,
2.3,6/18/04,18,6,2004,,,,,,,,
0,6/19/04,19,6,2004,,,,,,,,
0,6/20/04,20,6,2004,,,,,,,,
0,6/21/04,21,6,2004,,,,,,,,
0,6/22/04,22,6,2004,,,,,,,,
0,6/23/04,23,6,2004,,,,,,,,
0,6/24/04,24,6,2004,,,,,,,,
5.1,6/25/04,25,6,2004,,,,,,,,
12.2,6/26/04,26,6,2004,,,,,,,,
0,6/27/04,27,6,2004,,,,,,,,
0,6/28/04,28,6,2004,,,,,,,,
1,6/29/04,29,6,2004,,,,,,,,
0,6/30/04,30,6,2004,,,,,,,,
2.8,7/1/04,1,7,2004,,,,,,,,
17.8,7/2/04,2,7,2004,,,,,,,,
0,7/3/04,3,7,2004,,,,,,,,
0,7/4/04,4,7,2004,,,,,,,,
22.4,7/5/04,5,7,2004,,,,,,,,
0,7/6/04,6,7,2004,,,,,,,,
0,7/7/04,7,7,2004,,,,,,,,
1.5,7/8/04,8,7,2004,,,,,,,,
0,7/9/04,9,7,2004,,,,,,,,
0,7/10/04,10,7,2004,,,,,,,,
0,7/11/04,11,7,2004,,,,,,,,
0,7/12/04,12,7,2004,,,,,,,,
4.3,7/13/04,13,7,2004,,,,,,,,
11.2,7/14/04,14,7,2004,,,,,,,,
0,7/15/04,15,7,2004,,,,,,,,
0,7/16/04,16,7,2004,,,,,,,,
0,7/17/04,17,7,2004,,,,,,,,
0,7/18/04,18,7,2004,,,,,,,,
1,7/19/04,19,7,2004,,,,,,,,
0,7/20/04,20,7,2004,,,,,,,,
0,7/21/04,21,7,2004,,,,,,,,
0,7/22/04,22,7,2004,,,,,,,,
0,7/23/04,23,7,2004,,,,,,,,
30.5,7/24/04,24,7,2004,,,,,,,,
0,7/25/04,25,7,2004,,,,,,,,
0,7/26/04,26,7,2004,,,,,,,,
1.5,7/27/04,27,7,2004,,,,,,,,
5.3,7/28/04,28,7,2004,,,,,,,,
0,7/29/04,29,7,2004,,,,,,,,
0,7/30/04,30,7,2004,,,,,,,,
0,7/31/04,31,7,2004,,,,,,,,
0,8/1/04,1,8,2004,,,,,,,,
0,8/2/04,2,8,2004,,,,,,,,
0,8/3/04,3,8,2004,,,,,,,,
0,8/4/04,4,8,2004,,,,,,,,
8.6,8/5/04,5,8,2004,,,,,,,,
0,8/6/04,6,8,2004,,,,,,,,
0,8/7/04,7,8,2004,,,,,,,,
0,8/8/04,8,8,2004,,,,,,,,
0,8/9/04,9,8,2004,,,,,,,,
0,8/10/04,10,8,2004,,,,,,,,
0,8/11/04,11,8,2004,,,,,,,,
14.2,8/12/04,12,8,2004,,,,,,,,
20.1,8/13/04,13,8,2004,,,,,,,,
0.3,8/14/04,14,8,2004,,,,,,,,
25.7,8/15/04,15,8,2004,,,,,,,,
3.3,8/16/04,16,8,2004,,,,,,,,
0.8,8/17/04,17,8,2004,,,,,,,,
0,8/18/04,18,8,2004,,,,,,,,
0,8/19/04,19,8,2004,,,,,,,,
2.8,8/20/04,20,8,2004,,,,,,,,
26.7,8/21/04,21,8,2004,,,,,,,,
0,8/22/04,22,8,2004,,,,,,,,
0,8/23/04,23,8,2004,,,,,,,,
0,8/24/04,24,8,2004,,,,,,,,
0,8/25/04,25,8,2004,,,,,,,,
0,8/26/04,26,8,2004,,,,,,,,
0,8/27/04,27,8,2004,,,,,,,,
0,8/28/04,28,8,2004,,,,,,,,
0,8/29/04,29,8,2004,,,,,,,,
4.6,8/30/04,30,8,2004,,,,,,,,
4.3,8/31/04,31,8,2004,,,,,,,,
0,9/1/04,1,9,2004,,,,,,,,
0,9/2/04,2,9,2004,,,,,,,,
0,9/3/04,3,9,2004,,,,,,,,
0,9/4/04,4,9,2004,,,,,,,,
0,9/5/04,5,9,2004,,,,,,,,
0,9/6/04,6,9,2004,,,,,,,,
0,9/7/04,7,9,2004,,,,,,,,
41.9,9/8/04,8,9,2004,,,,,,,,
5.6,9/9/04,9,9,2004,,,,,,,,
0,9/10/04,10,9,2004,,,,,,,,
0,9/11/04,11,9,2004,,,,,,,,
0,9/12/04,12,9,2004,,,,,,,,
0,9/13/04,13,9,2004,,,,,,,,
0,9/14/04,14,9,2004,,,,,,,,
0,9/15/04,15,9,2004,,,,,,,,
0.5,9/16/04,16,9,2004,,,,,,,,
0,9/17/04,17,9,2004,,,,,,,,
72.9,9/18/04,18,9,2004,,,,,,,,
0,9/19/04,19,9,2004,,,,,,,,
0,9/20/04,20,9,2004,,,,,,,,
0,9/21/04,21,9,2004,,,,,,,,
0,9/22/04,22,9,2004,,,,,,,,
0,9/23/04,23,9,2004,,,,,,,,
0,9/24/04,24,9,2004,,,,,,,,
0,9/25/04,25,9,2004,,,,,,,,
0,9/26/04,26,9,2004,,,,,,,,
0,9/27/04,27,9,2004,,,,,,,,
47.8,9/28/04,28,9,2004,,,,,,,,
18,9/29/04,29,9,2004,,,,,,,,
2.3,9/30/04,30,9,2004,,,,,,,,
0,10/1/04,1,10,2004,,,,,,,,
1.5,10/2/04,2,10,2004,,,,,,,,
0,10/3/04,3,10,2004,,,,,,,,
0,10/4/04,4,10,2004,,,,,,,,
0,10/5/04,5,10,2004,,,,,,,,
0,10/6/04,6,10,2004,,,,,,,,
0,10/7/04,7,10,2004,,,,,,,,
0,10/8/04,8,10,2004,,,,,,,,
0,10/9/04,9,10,2004,,,,,,,,
0,10/10/04,10,10,2004,,,,,,,,
0,10/11/04,11,10,2004,,,,,,,,
1.5,10/12/04,12,10,2004,,,,,,,,
0,10/13/04,13,10,2004,,,,,,,,
0.8,10/14/04,14,10,2004,,,,,,,,
16,10/15/04,15,10,2004,,,,,,,,
14.5,10/16/04,16,10,2004,,,,,,,,
0,10/17/04,17,10,2004,,,,,,,,
0,10/18/04,18,10,2004,,,,,,,,
12.4,10/19/04,19,10,2004,,,,,,,,
0,10/20/04,20,10,2004,,,,,,,,
0,10/21/04,21,10,2004,,,,,,,,
0.3,10/22/04,22,10,2004,,,,,,,,
0,10/23/04,23,10,2004,,,,,,,,
0.3,10/24/04,24,10,2004,,,,,,,,
0,10/25/04,25,10,2004,,,,,,,,
0,10/26/04,26,10,2004,,,,,,,,
0,10/27/04,27,10,2004,,,,,,,,
0,10/28/04,28,10,2004,,,,,,,,
0,10/29/04,29,10,2004,,,,,,,,
0.5,10/30/04,30,10,2004,,,,,,,,
0,10/31/04,31,10,2004,,,,,,,,
0,11/1/04,1,11,2004,,,,,,,,
0,11/2/04,2,11,2004,,,,,,,,
0.8,11/3/04,3,11,2004,,,,,,,,
19.6,11/4/04,4,11,2004,,,,,,,,
0.3,11/5/04,5,11,2004,,,,,,,,
0,11/6/04,6,11,2004,,,,,,,,
0,11/7/04,7,11,2004,,,,,,,,
0,11/8/04,8,11,2004,,,,,,,,
0,11/9/04,9,11,2004,,,,,,,,
0,11/10/04,10,11,2004,,,,,,,,
0,11/11/04,11,11,2004,,,,,,,,
7.4,11/12/04,12,11,2004,,,,,,,,
5.1,11/13/04,13,11,2004,,,,,,,,
0,11/14/04,14,11,2004,,,,,,,,
0,11/15/04,15,11,2004,,,,,,,,
0,11/16/04,16,11,2004,,,,,,,,
0,11/17/04,17,11,2004,,,,,,,,
0,11/18/04,18,11,2004,,,,,,,,
0,11/19/04,19,11,2004,,,,,,,,
2,11/20/04,20,11,2004,,,,,,,,
0.3,11/21/04,21,11,2004,,,,,,,,
0,11/22/04,22,11,2004,,,,,,,,
0,11/23/04,23,11,2004,,,,,,,,
3.8,11/24/04,24,11,2004,,,,,,,,
14.5,11/25/04,25,11,2004,,,,,,,,
0,11/26/04,26,11,2004,,,,,,,,
0,11/27/04,27,11,2004,,,,,,,,
20.3,11/28/04,28,11,2004,,,,,,,,
0,11/29/04,29,11,2004,,,,,,,,
0,11/30/04,30,11,2004,,,,,,,,
0,6/1/05,1,6,2005,,,,,,,,
0,6/2/05,2,6,2005,,,,,,,,
0,6/3/05,3,6,2005,,,,,,,,
0,6/4/05,4,6,2005,,,,,,,,
0,6/5/05,5,6,2005,,,,,,,,
0,6/6/05,6,6,2005,,,,,,,,
0,6/7/05,7,6,2005,,,,,,,,
14.7,6/8/05,8,6,2005,,,,,,,,
11.4,6/9/05,9,6,2005,,,,,,,,
0,6/10/05,10,6,2005,,,,,,,,
0,6/11/05,11,6,2005,,,,,,,,
0,6/12/05,12,6,2005,,,,,,,,
0,6/13/05,13,6,2005,,,,,,,,
0,6/14/05,14,6,2005,,,,,,,,
1.5,6/15/05,15,6,2005,,,,,,,,
3.3,6/16/05,16,6,2005,,,,,,,,
0.3,6/17/05,17,6,2005,,,,,,,,
0,6/18/05,18,6,2005,,,,,,,,
0,6/19/05,19,6,2005,,,,,,,,
0,6/20/05,20,6,2005,,,,,,,,
0,6/21/05,21,6,2005,,,,,,,,
0.8,6/22/05,22,6,2005,,,,,,,,
0,6/23/05,23,6,2005,,,,,,,,
0,6/24/05,24,6,2005,,,,,,,,
0,6/25/05,25,6,2005,,,,,,,,
5.1,6/26/05,26,6,2005,,,,,,,,
0,6/27/05,27,6,2005,,,,,,,,
0,6/28/05,28,6,2005,,,,,,,,
0,6/29/05,29,6,2005,,,,,,,,
0,6/30/05,30,6,2005,,,,,,,,
0,7/1/05,1,7,2005,,,,,,,,
0,7/2/05,2,7,2005,,,,,,,,
0,7/3/05,3,7,2005,,,,,,,,
0,7/4/05,4,7,2005,,,,,,,,
0,7/5/05,5,7,2005,,,,,,,,
51.8,7/6/05,6,7,2005,,,,,,,,
0,7/7/05,7,7,2005,,,,,,,,
24.1,7/8/05,8,7,2005,,,,,,,,
5.1,7/9/05,9,7,2005,,,,,,,,
0,7/10/05,10,7,2005,,,,,,,,
0,7/11/05,11,7,2005,,,,,,,,
0,7/12/05,12,7,2005,,,,,,,,
0,7/13/05,13,7,2005,,,,,,,,
0,7/14/05,14,7,2005,,,,,,,,
0,7/15/05,15,7,2005,,,,,,,,
0,7/16/05,16,7,2005,,,,,,,,
0,7/17/05,17,7,2005,,,,,,,,
0.8,7/18/05,18,7,2005,,,,,,,,
0,7/19/05,19,7,2005,,,,,,,,
0,7/20/05,20,7,2005,,,,,,,,
0,7/21/05,21,7,2005,,,,,,,,
3.8,7/22/05,22,7,2005,,,,,,,,
0,7/23/05,23,7,2005,,,,,,,,
0,7/24/05,24,7,2005,,,,,,,,
0,7/25/05,25,7,2005,,,,,,,,
0,7/26/05,26,7,2005,,,,,,,,
0,7/27/05,27,7,2005,,,,,,,,
0,7/28/05,28,7,2005,,,,,,,,
0,7/29/05,29,7,2005,,,,,,,,
0,7/30/05,30,7,2005,,,,,,,,
0,7/31/05,31,7,2005,,,,,,,,
14.2,8/1/05,1,8,2005,,,,,,,,
0.3,8/2/05,2,8,2005,,,,,,,,
0,8/3/05,3,8,2005,,,,,,,,
0,8/4/05,4,8,2005,,,,,,,,
14,8/5/05,5,8,2005,,,,,,,,
0,8/6/05,6,8,2005,,,,,,,,
0,8/7/05,7,8,2005,,,,,,,,
0,8/8/05,8,8,2005,,,,,,,,
0.5,8/9/05,9,8,2005,,,,,,,,
0,8/10/05,10,8,2005,,,,,,,,
5.8,8/11/05,11,8,2005,,,,,,,,
0,8/12/05,12,8,2005,,,,,,,,
1.8,8/13/05,13,8,2005,,,,,,,,
15.2,8/14/05,14,8,2005,,,,,,,,
3.3,8/15/05,15,8,2005,,,,,,,,
0,8/16/05,16,8,2005,,,,,,,,
0,8/17/05,17,8,2005,,,,,,,,
0,8/18/05,18,8,2005,,,,,,,,
0,8/19/05,19,8,2005,,,,,,,,
0,8/20/05,20,8,2005,,,,,,,,
0.5,8/21/05,21,8,2005,,,,,,,,
0,8/22/05,22,8,2005,,,,,,,,
0,8/23/05,23,8,2005,,,,,,,,
0,8/24/05,24,8,2005,,,,,,,,
0,8/25/05,25,8,2005,,,,,,,,
0,8/26/05,26,8,2005,,,,,,,,
0,8/27/05,27,8,2005,,,,,,,,
0,8/28/05,28,8,2005,,,,,,,,
8.4,8/29/05,29,8,2005,,,,,,,,
8.4,8/30/05,30,8,2005,,,,,,,,
0.8,8/31/05,31,8,2005,,,,,,,,
4.8,9/1/05,1,9,2005,,,,,,,,
0,9/2/05,2,9,2005,,,,,,,,
0,9/3/05,3,9,2005,,,,,,,,
0,9/4/05,4,9,2005,,,,,,,,
0,9/5/05,5,9,2005,,,,,,,,
0,9/6/05,6,9,2005,,,,,,,,
0,9/7/05,7,9,2005,,,,,,,,
0,9/8/05,8,9,2005,,,,,,,,
0,9/9/05,9,9,2005,,,,,,,,
0,9/10/05,10,9,2005,,,,,,,,
0,9/11/05,11,9,2005,,,,,,,,
0,9/12/05,12,9,2005,,,,,,,,
0,9/13/05,13,9,2005,,,,,,,,
0,9/14/05,14,9,2005,,,,,,,,
24.9,9/15/05,15,9,2005,,,,,,,,
3,9/16/05,16,9,2005,,,,,,,,
0.3,9/17/05,17,9,2005,,,,,,,,
0,9/18/05,18,9,2005,,,,,,,,
0,9/19/05,19,9,2005,,,,,,,,
0.3,9/20/05,20,9,2005,,,,,,,,
0,9/21/05,21,9,2005,,,,,,,,
0,9/22/05,22,9,2005,,,,,,,,
0,9/23/05,23,9,2005,,,,,,,,
0,9/24/05,24,9,2005,,,,,,,,
0,9/25/05,25,9,2005,,,,,,,,
5.6,9/26/05,26,9,2005,,,,,,,,
0.3,9/27/05,27,9,2005,,,,,,,,
0,9/28/05,28,9,2005,,,,,,,,
6.1,9/29/05,29,9,2005,,,,,,,,
0,9/30/05,30,9,2005,,,,,,,,
0,10/1/05,1,10,2005,,,,,,,,
0,10/2/05,2,10,2005,,,,,,,,
0,10/3/05,3,10,2005,,,,,,,,
0,10/4/05,4,10,2005,,,,,,,,
0,10/5/05,5,10,2005,,,,,,,,
0,10/6/05,6,10,2005,,,,,,,,
0.8,10/7/05,7,10,2005,,,,,,,,
25.9,10/8/05,8,10,2005,,,,,,,,
23.4,10/9/05,9,10,2005,,,,,,,,
2.3,10/10/05,10,10,2005,,,,,,,,
5.6,10/11/05,11,10,2005,,,,,,,,
0.5,10/12/05,12,10,2005,,,,,,,,
1.5,10/13/05,13,10,2005,,,,,,,,
31,10/14/05,14,10,2005,,,,,,,,
73.4,10/15/05,15,10,2005,,,,,,,,
0,10/16/05,16,10,2005,,,,,,,,
0,10/17/05,17,10,2005,,,,,,,,
0.5,10/18/05,18,10,2005,,,,,,,,
0,10/19/05,19,10,2005,,,,,,,,
0,10/20/05,20,10,2005,,,,,,,,
0,10/21/05,21,10,2005,,,,,,,,
16.3,10/22/05,22,10,2005,,,,,,,,
11.7,10/23/05,23,10,2005,,,,,,,,
2.8,10/24/05,24,10,2005,,,,,,,,
32,10/25/05,25,10,2005,,,,,,,,
0,10/26/05,26,10,2005,,,,,,,,
0,10/27/05,27,10,2005,,,,,,,,
0,10/28/05,28,10,2005,,,,,,,,
11.4,10/29/05,29,10,2005,,,,,,,,
0,10/30/05,30,10,2005,,,,,,,,
0,10/31/05,31,10,2005,,,,,,,,
0,11/1/05,1,11,2005,,,,,,,,
0,11/2/05,2,11,2005,,,,,,,,
0,11/3/05,3,11,2005,,,,,,,,
0,11/4/05,4,11,2005,,,,,,,,
0,11/5/05,5,11,2005,,,,,,,,
5.6,11/6/05,6,11,2005,,,,,,,,
0.3,11/7/05,7,11,2005,,,,,,,,
0,11/8/05,8,11,2005,,,,,,,,
5.6,11/9/05,9,11,2005,,,,,,,,
9.1,11/10/05,10,11,2005,,,,,,,,
0,11/11/05,11,11,2005,,,,,,,,
0,11/12/05,12,11,2005,,,,,,,,
0,11/13/05,13,11,2005,,,,,,,,
0,11/14/05,14,11,2005,,,,,,,,
2.5,11/15/05,15,11,2005,,,,,,,,
5.3,11/16/05,16,11,2005,,,,,,,,
3.8,11/17/05,17,11,2005,,,,,,,,
0,11/18/05,18,11,2005,,,,,,,,
0,11/19/05,19,11,2005,,,,,,,,
0,11/20/05,20,11,2005,,,,,,,,
4.1,11/21/05,21,11,2005,,,,,,,,
40.9,11/22/05,22,11,2005,,,,,,,,
0,11/23/05,23,11,2005,,,,,,,,
0.8,11/24/05,24,11,2005,,,,,,,,
0,11/25/05,25,11,2005,,,,,,,,
0,11/26/05,26,11,2005,,,,,,,,
0,11/27/05,27,11,2005,,,,,,,,
0,11/28/05,28,11,2005,,,,,,,,
0,11/29/05,29,11,2005,,,,,,,,
16.3,11/30/05,30,11,2005,,,,,,,,
3,6/1/06,1,6,2006,,,,,,,,
13.5,6/2/06,2,6,2006,,,,,,,,
48.5,6/3/06,3,6,2006,,,,,,,,
7.6,6/4/06,4,6,2006,,,,,,,,
0,6/5/06,5,6,2006,,,,,,,,
0,6/6/06,6,6,2006,,,,,,,,
73.4,6/7/06,7,6,2006,,,,,,,,
5.1,6/8/06,8,6,2006,,,,,,,,
1.5,6/9/06,9,6,2006,,,,,,,,
10.9,6/10/06,10,6,2006,,,,,,,,
0,6/11/06,11,6,2006,,,,,,,,
0,6/12/06,12,6,2006,,,,,,,,
0,6/13/06,13,6,2006,,,,,,,,
0,6/14/06,14,6,2006,,,,,,,,
2.5,6/15/06,15,6,2006,,,,,,,,
0,6/16/06,16,6,2006,,,,,,,,
0,6/17/06,17,6,2006,,,,,,,,
0,6/18/06,18,6,2006,,,,,,,,
0,6/19/06,19,6,2006,,,,,,,,
9.4,6/20/06,20,6,2006,,,,,,,,
0,6/21/06,21,6,2006,,,,,,,,
0,6/22/06,22,6,2006,,,,,,,,
34.5,6/23/06,23,6,2006,,,,,,,,
17.5,6/24/06,24,6,2006,,,,,,,,
24.1,6/25/06,25,6,2006,,,,,,,,
0,6/26/06,26,6,2006,,,,,,,,
0,6/27/06,27,6,2006,,,,,,,,
1.3,6/28/06,28,6,2006,,,,,,,,
0,6/29/06,29,6,2006,,,,,,,,
3.3,6/30/06,30,6,2006,,,,,,,,
0,7/1/06,1,7,2006,,,,,,,,
0,7/2/06,2,7,2006,,,,,,,,
0,7/3/06,3,7,2006,,,,,,,,
0,7/4/06,4,7,2006,,,,,,,,
0,7/5/06,5,7,2006,,,,,,,,
3.8,7/6/06,6,7,2006,,,,,,,,
0,7/7/06,7,7,2006,,,,,,,,
0,7/8/06,8,7,2006,,,,,,,,
0,7/9/06,9,7,2006,,,,,,,,
0,7/10/06,10,7,2006,,,,,,,,
0.5,7/11/06,11,7,2006,,,,,,,,
25.9,7/12/06,12,7,2006,,,,,,,,
4.3,7/13/06,13,7,2006,,,,,,,,
0,7/14/06,14,7,2006,,,,,,,,
0,7/15/06,15,7,2006,,,,,,,,
0,7/16/06,16,7,2006,,,,,,,,
0,7/17/06,17,7,2006,,,,,,,,
5.6,7/18/06,18,7,2006,,,,,,,,
4.8,7/19/06,19,7,2006,,,,,,,,
0,7/20/06,20,7,2006,,,,,,,,
32.8,7/21/06,21,7,2006,,,,,,,,
3,7/22/06,22,7,2006,,,,,,,,
2.8,7/23/06,23,7,2006,,,,,,,,
0,7/24/06,24,7,2006,,,,,,,,
0,7/25/06,25,7,2006,,,,,,,,
0,7/26/06,26,7,2006,,,,,,,,
0,7/27/06,27,7,2006,,,,,,,,
7.4,7/28/06,28,7,2006,,,,,,,,
0,7/29/06,29,7,2006,,,,,,,,
0,7/30/06,30,7,2006,,,,,,,,
0,7/31/06,31,7,2006,,,,,,,,
0.5,8/1/06,1,8,2006,,,,,,,,
0,8/2/06,2,8,2006,,,,,,,,
0,8/3/06,3,8,2006,,,,,,,,
7.9,8/4/06,4,8,2006,,,,,,,,
0,8/5/06,5,8,2006,,,,,,,,
0,8/6/06,6,8,2006,,,,,,,,
1,8/7/06,7,8,2006,,,,,,,,
0,8/8/06,8,8,2006,,,,,,,,
0,8/9/06,9,8,2006,,,,,,,,
0,8/10/06,10,8,2006,,,,,,,,
0,8/11/06,11,8,2006,,,,,,,,
0,8/12/06,12,8,2006,,,,,,,,
0,8/13/06,13,8,2006,,,,,,,,
0,8/14/06,14,8,2006,,,,,,,,
13.5,8/15/06,15,8,2006,,,,,,,,
0,8/16/06,16,8,2006,,,,,,,,
0,8/17/06,17,8,2006,,,,,,,,
0,8/18/06,18,8,2006,,,,,,,,
0,8/19/06,19,8,2006,,,,,,,,
20.3,8/20/06,20,8,2006,,,,,,,,
0,8/21/06,21,8,2006,,,,,,,,
0,8/22/06,22,8,2006,,,,,,,,
0,8/23/06,23,8,2006,,,,,,,,
0.3,8/24/06,24,8,2006,,,,,,,,
21.3,8/25/06,25,8,2006,,,,,,,,
0,8/26/06,26,8,2006,,,,,,,,
10.2,8/27/06,27,8,2006,,,,,,,,
2.8,8/28/06,28,8,2006,,,,,,,,
3.6,8/29/06,29,8,2006,,,,,,,,
0,8/30/06,30,8,2006,,,,,,,,
0,8/31/06,31,8,2006,,,,,,,,
0,9/1/06,1,9,2006,,,,,,,,
0,9/2/06,2,9,2006,,,,,,,,
6.4,9/3/06,3,9,2006,,,,,,,,
0,9/4/06,4,9,2006,,,,,,,,
1.8,9/5/06,5,9,2006,,,,,,,,
0.3,9/6/06,6,9,2006,,,,,,,,
0,9/7/06,7,9,2006,,,,,,,,
0,9/8/06,8,9,2006,,,,,,,,
0,9/9/06,9,9,2006,,,,,,,,
0,9/10/06,10,9,2006,,,,,,,,
0,9/11/06,11,9,2006,,,,,,,,
0,9/12/06,12,9,2006,,,,,,,,
0,9/13/06,13,9,2006,,,,,,,,
7.6,9/14/06,14,9,2006,,,,,,,,
0,9/15/06,15,9,2006,,,,,,,,
0,9/16/06,16,9,2006,,,,,,,,
0,9/17/06,17,9,2006,,,,,,,,
0,9/18/06,18,9,2006,,,,,,,,
12.7,9/19/06,19,9,2006,,,,,,,,
1.8,9/20/06,20,9,2006,,,,,,,,
0,9/21/06,21,9,2006,,,,,,,,
0,9/22/06,22,9,2006,,,,,,,,
1,9/23/06,23,9,2006,,,,,,,,
0,9/24/06,24,9,2006,,,,,,,,
0,9/25/06,25,9,2006,,,,,,,,
0,9/26/06,26,9,2006,,,,,,,,
0,9/27/06,27,9,2006,,,,,,,,
0,9/28/06,28,9,2006,,,,,,,,
12.2,9/29/06,29,9,2006,,,,,,,,
0,9/30/06,30,9,2006,,,,,,,,
9.7,10/1/06,1,10,2006,,,,,,,,
0,10/2/06,2,10,2006,,,,,,,,
0,10/3/06,3,10,2006,,,,,,,,
0,10/4/06,4,10,2006,,,,,,,,
3,10/5/06,5,10,2006,,,,,,,,
0,10/6/06,6,10,2006,,,,,,,,
0,10/7/06,7,10,2006,,,,,,,,
0,10/8/06,8,10,2006,,,,,,,,
0,10/9/06,9,10,2006,,,,,,,,
0,10/10/06,10,10,2006,,,,,,,,
21.6,10/11/06,11,10,2006,,,,,,,,
9.9,10/12/06,12,10,2006,,,,,,,,
0,10/13/06,13,10,2006,,,,,,,,
0,10/14/06,14,10,2006,,,,,,,,
0,10/15/06,15,10,2006,,,,,,,,
0,10/16/06,16,10,2006,,,,,,,,
3.3,10/17/06,17,10,2006,,,,,,,,
0,10/18/06,18,10,2006,,,,,,,,
0,10/19/06,19,10,2006,,,,,,,,
10.2,10/20/06,20,10,2006,,,,,,,,
0,10/21/06,21,10,2006,,,,,,,,
0,10/22/06,22,10,2006,,,,,,,,
5.3,10/23/06,23,10,2006,,,,,,,,
0,10/24/06,24,10,2006,,,,,,,,
0,10/25/06,25,10,2006,,,,,,,,
0,10/26/06,26,10,2006,,,,,,,,
0,10/27/06,27,10,2006,,,,,,,,
51.3,10/28/06,28,10,2006,,,,,,,,
0,10/29/06,29,10,2006,,,,,,,,
0,10/30/06,30,10,2006,,,,,,,,
0,10/31/06,31,10,2006,,,,,,,,
2.3,11/1/06,1,11,2006,,,,,,,,
5.8,11/2/06,2,11,2006,,,,,,,,
0,11/3/06,3,11,2006,,,,,,,,
0,11/4/06,4,11,2006,,,,,,,,
0,11/5/06,5,11,2006,,,,,,,,
0,11/6/06,6,11,2006,,,,,,,,
3.6,11/7/06,7,11,2006,,,,,,,,
30.2,11/8/06,8,11,2006,,,,,,,,
2,11/9/06,9,11,2006,,,,,,,,
0,11/10/06,10,11,2006,,,,,,,,
0,11/11/06,11,11,2006,,,,,,,,
11.4,11/12/06,12,11,2006,,,,,,,,
13.2,11/13/06,13,11,2006,,,,,,,,
8.9,11/14/06,14,11,2006,,,,,,,,
0,11/15/06,15,11,2006,,,,,,,,
3.8,11/16/06,16,11,2006,,,,,,,,
12.4,11/17/06,17,11,2006,,,,,,,,
0,11/18/06,18,11,2006,,,,,,,,
0,11/19/06,19,11,2006,,,,,,,,
0,11/20/06,20,11,2006,,,,,,,,
0,11/21/06,21,11,2006,,,,,,,,
0,11/22/06,22,11,2006,,,,,,,,
46.5,11/23/06,23,11,2006,,,,,,,,
6.9,11/24/06,24,11,2006,,,,,,,,
0,11/25/06,25,11,2006,,,,,,,,
0,11/26/06,26,11,2006,,,,,,,,
0,11/27/06,27,11,2006,,,,,,,,
0.3,11/28/06,28,11,2006,,,,,,,,
0,11/29/06,29,11,2006,,,,,,,,
0,11/30/06,30,11,2006,,,,,,,,
3.8,6/1/07,1,6,2007,,,,,,,,
0,6/2/07,2,6,2007,,,,,,,,
2.8,6/3/07,3,6,2007,,,,,,,,
37.1,6/4/07,4,6,2007,,,,,,,,
0,6/5/07,5,6,2007,,,,,,,,
0,6/6/07,6,6,2007,,,,,,,,
0,6/7/07,7,6,2007,,,,,,,,
0,6/8/07,8,6,2007,,,,,,,,
0,6/9/07,9,6,2007,,,,,,,,
0,6/10/07,10,6,2007,,,,,,,,
0.3,6/11/07,11,6,2007,,,,,,,,
1.8,6/12/07,12,6,2007,,,,,,,,
0,6/13/07,13,6,2007,,,,,,,,
0,6/14/07,14,6,2007,,,,,,,,
0,6/15/07,15,6,2007,,,,,,,,
0,6/16/07,16,6,2007,,,,,,,,
0.5,6/17/07,17,6,2007,,,,,,,,
0,6/18/07,18,6,2007,,,,,,,,
0,6/19/07,19,6,2007,,,,,,,,
4.1,6/20/07,20,6,2007,,,,,,,,
2.3,6/21/07,21,6,2007,,,,,,,,
0.8,6/22/07,22,6,2007,,,,,,,,
0,6/23/07,23,6,2007,,,,,,,,
0,6/24/07,24,6,2007,,,,,,,,
0,6/25/07,25,6,2007,,,,,,,,
0,6/26/07,26,6,2007,,,,,,,,
0,6/27/07,27,6,2007,,,,,,,,
0.5,6/28/07,28,6,2007,,,,,,,,
0,6/29/07,29,6,2007,,,,,,,,
0,6/30/07,30,6,2007,,,,,,,,
5.3,7/1/07,1,7,2007,,,,,,,,
0,7/2/07,2,7,2007,,,,,,,,
0,7/3/07,3,7,2007,,,,,,,,
1.3,7/4/07,4,7,2007,,,,,,,,
7.9,7/5/07,5,7,2007,,,,,,,,
0,7/6/07,6,7,2007,,,,,,,,
0,7/7/07,7,7,2007,,,,,,,,
0.5,7/8/07,8,7,2007,,,,,,,,
5.8,7/9/07,9,7,2007,,,,,,,,
0,7/10/07,10,7,2007,,,,,,,,
0,7/11/07,11,7,2007,,,,,,,,
1.3,7/12/07,12,7,2007,,,,,,,,
0,7/13/07,13,7,2007,,,,,,,,
0,7/14/07,14,7,2007,,,,,,,,
0,7/15/07,15,7,2007,,,,,,,,
0,7/16/07,16,7,2007,,,,,,,,
0,7/17/07,17,7,2007,,,,,,,,
4.3,7/18/07,18,7,2007,,,,,,,,
2.8,7/19/07,19,7,2007,,,,,,,,
0.3,7/20/07,20,7,2007,,,,,,,,
0,7/21/07,21,7,2007,,,,,,,,
0,7/22/07,22,7,2007,,,,,,,,
1.5,7/23/07,23,7,2007,,,,,,,,
0,7/24/07,24,7,2007,,,,,,,,
0,7/25/07,25,7,2007,,,,,,,,
0,7/26/07,26,7,2007,,,,,,,,
0,7/27/07,27,7,2007,,,,,,,,
58.9,7/28/07,28,7,2007,,,,,,,,
0,7/29/07,29,7,2007,,,,,,,,
43.7,7/30/07,30,7,2007,,,,,,,,
0,7/31/07,31,7,2007,,,,,,,,
0,8/1/07,1,8,2007,,,,,,,,
0,8/2/07,2,8,2007,,,,,,,,
0,8/3/07,3,8,2007,,,,,,,,
0,8/4/07,4,8,2007,,,,,,,,
0,8/5/07,5,8,2007,,,,,,,,
6.1,8/6/07,6,8,2007,,,,,,,,
0,8/7/07,7,8,2007,,,,,,,,
7.1,8/8/07,8,8,2007,,,,,,,,
0,8/9/07,9,8,2007,,,,,,,,
2.3,8/10/07,10,8,2007,,,,,,,,
0,8/11/07,11,8,2007,,,,,,,,
0,8/12/07,12,8,2007,,,,,,,,
0,8/13/07,13,8,2007,,,,,,,,
0,8/14/07,14,8,2007,,,,,,,,
0,8/15/07,15,8,2007,,,,,,,,
0,8/16/07,16,8,2007,,,,,,,,
0,8/17/07,17,8,2007,,,,,,,,
1,8/18/07,18,8,2007,,,,,,,,
0,8/19/07,19,8,2007,,,,,,,,
0,8/20/07,20,8,2007,,,,,,,,
0,8/21/07,21,8,2007,,,,,,,,
0,8/22/07,22,8,2007,,,,,,,,
0,8/23/07,23,8,2007,,,,,,,,
0,8/24/07,24,8,2007,,,,,,,,
0,8/25/07,25,8,2007,,,,,,,,
0,8/26/07,26,8,2007,,,,,,,,
0,8/27/07,27,8,2007,,,,,,,,
0,8/28/07,28,8,2007,,,,,,,,
0,8/29/07,29,8,2007,,,,,,,,
0,8/30/07,30,8,2007,,,,,,,,
0.3,8/31/07,31,8,2007,,,,,,,,
0,9/1/07,1,9,2007,,,,,,,,
0,9/2/07,2,9,2007,,,,,,,,
0,9/3/07,3,9,2007,,,,,,,,
0,9/4/07,4,9,2007,,,,,,,,
0,9/5/07,5,9,2007,,,,,,,,
0,9/6/07,6,9,2007,,,,,,,,
0,9/7/07,7,9,2007,,,,,,,,
0,9/8/07,8,9,2007,,,,,,,,
0.8,9/9/07,9,9,2007,,,,,,,,
0.3,9/10/07,10,9,2007,,,,,,,,
32.5,9/11/07,11,9,2007,,,,,,,,
0,9/12/07,12,9,2007,,,,,,,,
0,9/13/07,13,9,2007,,,,,,,,
0,9/14/07,14,9,2007,,,,,,,,
8.6,9/15/07,15,9,2007,,,,,,,,
0,9/16/07,16,9,2007,,,,,,,,
0,9/17/07,17,9,2007,,,,,,,,
0,9/18/07,18,9,2007,,,,,,,,
0,9/19/07,19,9,2007,,,,,,,,
0,9/20/07,20,9,2007,,,,,,,,
0,9/21/07,21,9,2007,,,,,,,,
0,9/22/07,22,9,2007,,,,,,,,
0,9/23/07,23,9,2007,,,,,,,,
0,9/24/07,24,9,2007,,,,,,,,
0,9/25/07,25,9,2007,,,,,,,,
0,9/26/07,26,9,2007,,,,,,,,
3.8,9/27/07,27,9,2007,,,,,,,,
0,9/28/07,28,9,2007,,,,,,,,
0,9/29/07,29,9,2007,,,,,,,,
0,9/30/07,30,9,2007,,,,,,,,
0,10/1/07,1,10,2007,,,,,,,,
0,10/2/07,2,10,2007,,,,,,,,
0,10/3/07,3,10,2007,,,,,,,,
0,10/4/07,4,10,2007,,,,,,,,
0,10/5/07,5,10,2007,,,,,,,,
0,10/6/07,6,10,2007,,,,,,,,
0,10/7/07,7,10,2007,,,,,,,,
16.3,10/8/07,8,10,2007,,,,,,,,
0.3,10/9/07,9,10,2007,,,,,,,,
1,10/10/07,10,10,2007,,,,,,,,
7.4,10/11/07,11,10,2007,,,,,,,,
1,10/12/07,12,10,2007,,,,,,,,
0,10/13/07,13,10,2007,,,,,,,,
0,10/14/07,14,10,2007,,,,,,,,
0,10/15/07,15,10,2007,,,,,,,,
0,10/16/07,16,10,2007,,,,,,,,
0,10/17/07,17,10,2007,,,,,,,,
0,10/18/07,18,10,2007,,,,,,,,
10.7,10/19/07,19,10,2007,,,,,,,,
3,10/20/07,20,10,2007,,,,,,,,
0,10/21/07,21,10,2007,,,,,,,,
0,10/22/07,22,10,2007,,,,,,,,
0.3,10/23/07,23,10,2007,,,,,,,,
1,10/24/07,24,10,2007,,,,,,,,
0.3,10/25/07,25,10,2007,,,,,,,,
0.5,10/26/07,26,10,2007,,,,,,,,
11.2,10/27/07,27,10,2007,,,,,,,,
0,10/28/07,28,10,2007,,,,,,,,
0,10/29/07,29,10,2007,,,,,,,,
0,10/30/07,30,10,2007,,,,,,,,
0,10/31/07,31,10,2007,,,,,,,,
0,11/1/07,1,11,2007,,,,,,,,
0,11/2/07,2,11,2007,,,,,,,,
21.6,11/3/07,3,11,2007,,,,,,,,
0,11/4/07,4,11,2007,,,,,,,,
0,11/5/07,5,11,2007,,,,,,,,
15.7,11/6/07,6,11,2007,,,,,,,,
0,11/7/07,7,11,2007,,,,,,,,
0,11/8/07,8,11,2007,,,,,,,,
0.5,11/9/07,9,11,2007,,,,,,,,
0,11/10/07,10,11,2007,,,,,,,,
0,11/11/07,11,11,2007,,,,,,,,
0.8,11/12/07,12,11,2007,,,,,,,,
4.8,11/13/07,13,11,2007,,,,,,,,
0,11/14/07,14,11,2007,,,,,,,,
8.1,11/15/07,15,11,2007,,,,,,,,
9.1,11/16/07,16,11,2007,,,,,,,,
0,11/17/07,17,11,2007,,,,,,,,
0,11/18/07,18,11,2007,,,,,,,,
0,11/19/07,19,11,2007,,,,,,,,
2,11/20/07,20,11,2007,,,,,,,,
0,11/21/07,21,11,2007,,,,,,,,
0,11/22/07,22,11,2007,,,,,,,,
0,11/23/07,23,11,2007,,,,,,,,
0,11/24/07,24,11,2007,,,,,,,,
0,11/25/07,25,11,2007,,,,,,,,
7.6,11/26/07,26,11,2007,,,,,,,,
0.8,11/27/07,27,11,2007,,,,,,,,
0,11/28/07,28,11,2007,,,,,,,,
0,11/29/07,29,11,2007,,,,,,,,
0,11/30/07,30,11,2007,,,,,,,,
0,6/1/08,1,6,2008,,,,,,,,
0,6/2/08,2,6,2008,,,,,,,,
0,6/3/08,3,6,2008,,,,,,,,
14.2,6/4/08,4,6,2008,,,,,,,,
0,6/5/08,5,6,2008,,,,,,,,
5.6,6/6/08,6,6,2008,,,,,,,,
0,6/7/08,7,6,2008,,,,,,,,
0,6/8/08,8,6,2008,,,,,,,,
0,6/9/08,9,6,2008,,,,,,,,
0,6/10/08,10,6,2008,,,,,,,,
0,6/11/08,11,6,2008,,,,,,,,
0,6/12/08,12,6,2008,,,,,,,,
0,6/13/08,13,6,2008,,,,,,,,
0,6/14/08,14,6,2008,,,,,,,,
7.9,6/15/08,15,6,2008,,,,,,,,
11.2,6/16/08,16,6,2008,,,,,,,,
0,6/17/08,17,6,2008,,,,,,,,
0,6/18/08,18,6,2008,,,,,,,,
0,6/19/08,19,6,2008,,,,,,,,
0.8,6/20/08,20,6,2008,,,,,,,,
0,6/21/08,21,6,2008,,,,,,,,
0,6/22/08,22,6,2008,,,,,,,,
11.7,6/23/08,23,6,2008,,,,,,,,
19.8,6/24/08,24,6,2008,,,,,,,,
0,6/25/08,25,6,2008,,,,,,,,
0,6/26/08,26,6,2008,,,,,,,,
16.8,6/27/08,27,6,2008,,,,,,,,
0,6/28/08,28,6,2008,,,,,,,,
0,6/29/08,29,6,2008,,,,,,,,
0,6/30/08,30,6,2008,,,,,,,,
4.3,7/1/08,1,7,2008,,,,,,,,
16.8,7/2/08,2,7,2008,,,,,,,,
3,7/3/08,3,7,2008,,,,,,,,
5.1,7/4/08,4,7,2008,,,,,,,,
0.3,7/5/08,5,7,2008,,,,,,,,
0,7/6/08,6,7,2008,,,,,,,,
0,7/7/08,7,7,2008,,,,,,,,
0,7/8/08,8,7,2008,,,,,,,,
1,7/9/08,9,7,2008,,,,,,,,
0.3,7/10/08,10,7,2008,,,,,,,,
0,7/11/08,11,7,2008,,,,,,,,
0,7/12/08,12,7,2008,,,,,,,,
0,7/13/08,13,7,2008,,,,,,,,
1.8,7/14/08,14,7,2008,,,,,,,,
0,7/15/08,15,7,2008,,,,,,,,
0,7/16/08,16,7,2008,,,,,,,,
0,7/17/08,17,7,2008,,,,,,,,
3.3,7/18/08,18,7,2008,,,,,,,,
0,7/19/08,19,7,2008,,,,,,,,
29.2,7/20/08,20,7,2008,,,,,,,,
3.6,7/21/08,21,7,2008,,,,,,,,
6.4,7/22/08,22,7,2008,,,,,,,,
16.8,7/23/08,23,7,2008,,,,,,,,
54.9,7/24/08,24,7,2008,,,,,,,,
0,7/25/08,25,7,2008,,,,,,,,
0,7/26/08,26,7,2008,,,,,,,,
4.8,7/27/08,27,7,2008,,,,,,,,
0,7/28/08,28,7,2008,,,,,,,,
0,7/29/08,29,7,2008,,,,,,,,
0,7/30/08,30,7,2008,,,,,,,,
1,7/31/08,31,7,2008,,,,,,,,
0,8/1/08,1,8,2008,,,,,,,,
14,8/2/08,2,8,2008,,,,,,,,
8.4,8/3/08,3,8,2008,,,,,,,,
0,8/4/08,4,8,2008,,,,,,,,
0,8/5/08,5,8,2008,,,,,,,,
7.1,8/6/08,6,8,2008,,,,,,,,
3.6,8/7/08,7,8,2008,,,,,,,,
33.3,8/8/08,8,8,2008,,,,,,,,
0,8/9/08,9,8,2008,,,,,,,,
31.8,8/10/08,10,8,2008,,,,,,,,
1.5,8/11/08,11,8,2008,,,,,,,,
2.5,8/12/08,12,8,2008,,,,,,,,
0,8/13/08,13,8,2008,,,,,,,,
2.3,8/14/08,14,8,2008,,,,,,,,
8.9,8/15/08,15,8,2008,,,,,,,,
0,8/16/08,16,8,2008,,,,,,,,
0,8/17/08,17,8,2008,,,,,,,,
0,8/18/08,18,8,2008,,,,,,,,
0.3,8/19/08,19,8,2008,,,,,,,,
0,8/20/08,20,8,2008,,,,,,,,
0,8/21/08,21,8,2008,,,,,,,,
0,8/22/08,22,8,2008,,,,,,,,
0,8/23/08,23,8,2008,,,,,,,,
0,8/24/08,24,8,2008,,,,,,,,
0,8/25/08,25,8,2008,,,,,,,,
0,8/26/08,26,8,2008,,,,,,,,
0,8/27/08,27,8,2008,,,,,,,,
0,8/28/08,28,8,2008,,,,,,,,
0,8/29/08,29,8,2008,,,,,,,,
0,8/30/08,30,8,2008,,,,,,,,
0,8/31/08,31,8,2008,,,,,,,,
0,9/1/08,1,9,2008,,,,,,,,
0,9/2/08,2,9,2008,,,,,,,,
0,9/3/08,3,9,2008,,,,,,,,
0,9/4/08,4,9,2008,,,,,,,,
0,9/5/08,5,9,2008,,,,,,,,
47.2,9/6/08,6,9,2008,,,,,,,,
9.7,9/7/08,7,9,2008,,,,,,,,
0,9/8/08,8,9,2008,,,,,,,,
7.1,9/9/08,9,9,2008,,,,,,,,
0,9/10/08,10,9,2008,,,,,,,,
0,9/11/08,11,9,2008,,,,,,,,
2.8,9/12/08,12,9,2008,,,,,,,,
0,9/13/08,13,9,2008,,,,,,,,
8.9,9/14/08,14,9,2008,,,,,,,,
0,9/15/08,15,9,2008,,,,,,,,
0,9/16/08,16,9,2008,,,,,,,,
0,9/17/08,17,9,2008,,,,,,,,
0,9/18/08,18,9,2008,,,,,,,,
0,9/19/08,19,9,2008,,,,,,,,
0,9/20/08,20,9,2008,,,,,,,,
7.9,9/21/08,21,9,2008,,,,,,,,
0,9/22/08,22,9,2008,,,,,,,,
0,9/23/08,23,9,2008,,,,,,,,
0,9/24/08,24,9,2008,,,,,,,,
0,9/25/08,25,9,2008,,,,,,,,
41.9,9/26/08,26,9,2008,,,,,,,,
22.9,9/27/08,27,9,2008,,,,,,,,
13.5,9/28/08,28,9,2008,,,,,,,,
2,9/29/08,29,9,2008,,,,,,,,
0,9/30/08,30,9,2008,,,,,,,,
10.2,10/1/08,1,10,2008,,,,,,,,
1.8,10/2/08,2,10,2008,,,,,,,,
0,10/3/08,3,10,2008,,,,,,,,
0,10/4/08,4,10,2008,,,,,,,,
0,10/5/08,5,10,2008,,,,,,,,
0,10/6/08,6,10,2008,,,,,,,,
0,10/7/08,7,10,2008,,,,,,,,
0,10/8/08,8,10,2008,,,,,,,,
0.3,10/9/08,9,10,2008,,,,,,,,
0,10/10/08,10,10,2008,,,,,,,,
0,10/11/08,11,10,2008,,,,,,,,
0,10/12/08,12,10,2008,,,,,,,,
0,10/13/08,13,10,2008,,,,,,,,
0,10/14/08,14,10,2008,,,,,,,,
0,10/15/08,15,10,2008,,,,,,,,
0,10/16/08,16,10,2008,,,,,,,,
0,10/17/08,17,10,2008,,,,,,,,
0,10/18/08,18,10,2008,,,,,,,,
0,10/19/08,19,10,2008,,,,,,,,
0,10/20/08,20,10,2008,,,,,,,,
0.3,10/21/08,21,10,2008,,,,,,,,
0.8,10/22/08,22,10,2008,,,,,,,,
0,10/23/08,23,10,2008,,,,,,,,
0,10/24/08,24,10,2008,,,,,,,,
4.1,10/25/08,25,10,2008,,,,,,,,
8.4,10/26/08,26,10,2008,,,,,,,,
0,10/27/08,27,10,2008,,,,,,,,
10.2,10/28/08,28,10,2008,,,,,,,,
0,10/29/08,29,10,2008,,,,,,,,
0,10/30/08,30,10,2008,,,,,,,,
0,10/31/08,31,10,2008,,,,,,,,
0,11/1/08,1,11,2008,,,,,,,,
0,11/2/08,2,11,2008,,,,,,,,
0,11/3/08,3,11,2008,,,,,,,,
0,11/4/08,4,11,2008,,,,,,,,
1,11/5/08,5,11,2008,,,,,,,,
20.3,11/6/08,6,11,2008,,,,,,,,
0.3,11/7/08,7,11,2008,,,,,,,,
1.5,11/8/08,8,11,2008,,,,,,,,
0.3,11/9/08,9,11,2008,,,,,,,,
0,11/10/08,10,11,2008,,,,,,,,
0,11/11/08,11,11,2008,,,,,,,,
0,11/12/08,12,11,2008,,,,,,,,
1.3,11/13/08,13,11,2008,,,,,,,,
1.5,11/14/08,14,11,2008,,,,,,,,
11.9,11/15/08,15,11,2008,,,,,,,,
9.4,11/16/08,16,11,2008,,,,,,,,
0,11/17/08,17,11,2008,,,,,,,,
0,11/18/08,18,11,2008,,,,,,,,
0,11/19/08,19,11,2008,,,,,,,,
0,11/20/08,20,11,2008,,,,,,,,
0,11/21/08,21,11,2008,,,,,,,,
0,11/22/08,22,11,2008,,,,,,,,
0,11/23/08,23,11,2008,,,,,,,,
0,11/24/08,24,11,2008,,,,,,,,
45,11/25/08,25,11,2008,,,,,,,,
0,11/26/08,26,11,2008,,,,,,,,
0,11/27/08,27,11,2008,,,,,,,,
1,11/28/08,28,11,2008,,,,,,,,
0,11/29/08,29,11,2008,,,,,,,,
22.6,11/30/08,30,11,2008,,,,,,,,
0,6/1/09,1,6,2009,,,,,,,,
0,6/2/09,2,6,2009,,,,,,,,
0,6/3/09,3,6,2009,,,,,,,,
0,6/4/09,4,6,2009,,,,,,,,
0.3,6/5/09,5,6,2009,,,,,,,,
0,6/6/09,6,6,2009,,,,,,,,
0,6/7/09,7,6,2009,,,,,,,,
0,6/8/09,8,6,2009,,,,,,,,
2.5,6/9/09,9,6,2009,,,,,,,,
0,6/10/09,10,6,2009,,,,,,,,
5.1,6/11/09,11,6,2009,,,,,,,,
14.2,6/12/09,12,6,2009,,,,,,,,
0,6/13/09,13,6,2009,,,,,,,,
5.1,6/14/09,14,6,2009,,,,,,,,
0,6/15/09,15,6,2009,,,,,,,,
0,6/16/09,16,6,2009,,,,,,,,
0,6/17/09,17,6,2009,,,,,,,,
10.9,6/18/09,18,6,2009,,,,,,,,
12.7,6/19/09,19,6,2009,,,,,,,,
0,6/20/09,20,6,2009,,,,,,,,
1,6/21/09,21,6,2009,,,,,,,,
9.9,6/22/09,22,6,2009,,,,,,,,
0.5,6/23/09,23,6,2009,,,,,,,,
3.6,6/24/09,24,6,2009,,,,,,,,
1.3,6/25/09,25,6,2009,,,,,,,,
0.8,6/26/09,26,6,2009,,,,,,,,
0,6/27/09,27,6,2009,,,,,,,,
0.8,6/28/09,28,6,2009,,,,,,,,
11.4,6/29/09,29,6,2009,,,,,,,,
1.8,6/30/09,30,6,2009,,,,,,,,
15.5,7/1/09,1,7,2009,,,,,,,,
21.6,7/2/09,2,7,2009,,,,,,,,
0,7/3/09,3,7,2009,,,,,,,,
0,7/4/09,4,7,2009,,,,,,,,
0,7/5/09,5,7,2009,,,,,,,,
0,7/6/09,6,7,2009,,,,,,,,
17.5,7/7/09,7,7,2009,,,,,,,,
0.5,7/8/09,8,7,2009,,,,,,,,
0,7/9/09,9,7,2009,,,,,,,,
0,7/10/09,10,7,2009,,,,,,,,
9.1,7/11/09,11,7,2009,,,,,,,,
7.1,7/12/09,12,7,2009,,,,,,,,
0,7/13/09,13,7,2009,,,,,,,,
0,7/14/09,14,7,2009,,,,,,,,
0,7/15/09,15,7,2009,,,,,,,,
0,7/16/09,16,7,2009,,,,,,,,
0,7/17/09,17,7,2009,,,,,,,,
6.1,7/18/09,18,7,2009,,,,,,,,
0,7/19/09,19,7,2009,,,,,,,,
0,7/20/09,20,7,2009,,,,,,,,
13.2,7/21/09,21,7,2009,,,,,,,,
0,7/22/09,22,7,2009,,,,,,,,
10.9,7/23/09,23,7,2009,,,,,,,,
49,7/24/09,24,7,2009,,,,,,,,
0,7/25/09,25,7,2009,,,,,,,,
0.5,7/26/09,26,7,2009,,,,,,,,
0,7/27/09,27,7,2009,,,,,,,,
0,7/28/09,28,7,2009,,,,,,,,
0,7/29/09,29,7,2009,,,,,,,,
13,7/30/09,30,7,2009,,,,,,,,
11.2,7/31/09,31,7,2009,,,,,,,,
0,8/1/09,1,8,2009,,,,,,,,
0,8/2/09,2,8,2009,,,,,,,,
0,8/3/09,3,8,2009,,,,,,,,
0,8/4/09,4,8,2009,,,,,,,,
0,8/5/09,5,8,2009,,,,,,,,
0,8/6/09,6,8,2009,,,,,,,,
0,8/7/09,7,8,2009,,,,,,,,
0,8/8/09,8,8,2009,,,,,,,,
0,8/9/09,9,8,2009,,,,,,,,
0.3,8/10/09,10,8,2009,,,,,,,,
1.3,8/11/09,11,8,2009,,,,,,,,
0,8/12/09,12,8,2009,,,,,,,,
2.3,8/13/09,13,8,2009,,,,,,,,
0,8/14/09,14,8,2009,,,,,,,,
0,8/15/09,15,8,2009,,,,,,,,
0,8/16/09,16,8,2009,,,,,,,,
0,8/17/09,17,8,2009,,,,,,,,
0,8/18/09,18,8,2009,,,,,,,,
0,8/19/09,19,8,2009,,,,,,,,
7.1,8/20/09,20,8,2009,,,,,,,,
0,8/21/09,21,8,2009,,,,,,,,
4.3,8/22/09,22,8,2009,,,,,,,,
3.3,8/23/09,23,8,2009,,,,,,,,
19.6,8/24/09,24,8,2009,,,,,,,,
0,8/25/09,25,8,2009,,,,,,,,
0,8/26/09,26,8,2009,,,,,,,,
0,8/27/09,27,8,2009,,,,,,,,
2.3,8/28/09,28,8,2009,,,,,,,,
41.9,8/29/09,29,8,2009,,,,,,,,
0,8/30/09,30,8,2009,,,,,,,,
0,8/31/09,31,8,2009,,,,,,,,
0,9/1/09,1,9,2009,,,,,,,,
0,9/2/09,2,9,2009,,,,,,,,
0,9/3/09,3,9,2009,,,,,,,,
0,9/4/09,4,9,2009,,,,,,,,
0,9/5/09,5,9,2009,,,,,,,,
0,9/6/09,6,9,2009,,,,,,,,
0,9/7/09,7,9,2009,,,,,,,,
0,9/8/09,8,9,2009,,,,,,,,
0,9/9/09,9,9,2009,,,,,,,,
0,9/10/09,10,9,2009,,,,,,,,
5.1,9/11/09,11,9,2009,,,,,,,,
53.6,9/12/09,12,9,2009,,,,,,,,
0,9/13/09,13,9,2009,,,,,,,,
0,9/14/09,14,9,2009,,,,,,,,
0,9/15/09,15,9,2009,,,,,,,,
0,9/16/09,16,9,2009,,,,,,,,
0,9/17/09,17,9,2009,,,,,,,,
0,9/18/09,18,9,2009,,,,,,,,
0,9/19/09,19,9,2009,,,,,,,,
0,9/20/09,20,9,2009,,,,,,,,
0,9/21/09,21,9,2009,,,,,,,,
0,9/22/09,22,9,2009,,,,,,,,
0,9/23/09,23,9,2009,,,,,,,,
0,9/24/09,24,9,2009,,,,,,,,
0,9/25/09,25,9,2009,,,,,,,,
0,9/26/09,26,9,2009,,,,,,,,
6.9,9/27/09,27,9,2009,,,,,,,,
10.2,9/28/09,28,9,2009,,,,,,,,
2.8,9/29/09,29,9,2009,,,,,,,,
0,9/30/09,30,9,2009,,,,,,,,
0,10/1/09,1,10,2009,,,,,,,,
0,10/2/09,2,10,2009,,,,,,,,
30,10/3/09,3,10,2009,,,,,,,,
0,10/4/09,4,10,2009,,,,,,,,
0,10/5/09,5,10,2009,,,,,,,,
0,10/6/09,6,10,2009,,,,,,,,
11.7,10/7/09,7,10,2009,,,,,,,,
0,10/8/09,8,10,2009,,,,,,,,
2.3,10/9/09,9,10,2009,,,,,,,,
6.9,10/10/09,10,10,2009,,,,,,,,
0,10/11/09,11,10,2009,,,,,,,,
0,10/12/09,12,10,2009,,,,,,,,
7.9,10/13/09,13,10,2009,,,,,,,,
0,10/14/09,14,10,2009,,,,,,,,
0.5,10/15/09,15,10,2009,,,,,,,,
2.3,10/16/09,16,10,2009,,,,,,,,
0,10/17/09,17,10,2009,,,,,,,,
23.6,10/18/09,18,10,2009,,,,,,,,
0,10/19/09,19,10,2009,,,,,,,,
0,10/20/09,20,10,2009,,,,,,,,
0,10/21/09,21,10,2009,,,,,,,,
0,10/22/09,22,10,2009,,,,,,,,
0,10/23/09,23,10,2009,,,,,,,,
27.9,10/24/09,24,10,2009,,,,,,,,
0.8,10/25/09,25,10,2009,,,,,,,,
0,10/26/09,26,10,2009,,,,,,,,
0,10/27/09,27,10,2009,,,,,,,,
16.8,10/28/09,28,10,2009,,,,,,,,
0,10/29/09,29,10,2009,,,,,,,,
0,10/30/09,30,10,2009,,,,,,,,
0.8,10/31/09,31,10,2009,,,,,,,,
0,11/1/09,1,11,2009,,,,,,,,
0,11/2/09,2,11,2009,,,,,,,,
0,11/3/09,3,11,2009,,,,,,,,
0,11/4/09,4,11,2009,,,,,,,,
0.8,11/5/09,5,11,2009,,,,,,,,
0,11/6/09,6,11,2009,,,,,,,,
0,11/7/09,7,11,2009,,,,,,,,
0,11/8/09,8,11,2009,,,,,,,,
0,11/9/09,9,11,2009,,,,,,,,
0,11/10/09,10,11,2009,,,,,,,,
0,11/11/09,11,11,2009,,,,,,,,
0,11/12/09,12,11,2009,,,,,,,,
0,11/13/09,13,11,2009,,,,,,,,
37.8,11/14/09,14,11,2009,,,,,,,,
2.3,11/15/09,15,11,2009,,,,,,,,
0,11/16/09,16,11,2009,,,,,,,,
0,11/17/09,17,11,2009,,,,,,,,
0,11/18/09,18,11,2009,,,,,,,,
0,11/19/09,19,11,2009,,,,,,,,
10.7,11/20/09,20,11,2009,,,,,,,,
0,11/21/09,21,11,2009,,,,,,,,
0,11/22/09,22,11,2009,,,,,,,,
2.5,11/23/09,23,11,2009,,,,,,,,
1.3,11/24/09,24,11,2009,,,,,,,,
1.8,11/25/09,25,11,2009,,,,,,,,
0,11/26/09,26,11,2009,,,,,,,,
20.8,11/27/09,27,11,2009,,,,,,,,
1.5,11/28/09,28,11,2009,,,,,,,,
0,11/29/09,29,11,2009,,,,,,,,
5.3,11/30/09,30,11,2009,,,,,,,,
10.9,6/1/10,1,6,2010,,,,,,,,
0,6/2/10,2,6,2010,,,,,,,,
17.8,6/3/10,3,6,2010,,,,,,,,
0,6/4/10,4,6,2010,,,,,,,,
18,6/5/10,5,6,2010,,,,,,,,
18,6/6/10,6,6,2010,,,,,,,,
0,6/7/10,7,6,2010,,,,,,,,
0,6/8/10,8,6,2010,,,,,,,,
1,6/9/10,9,6,2010,,,,,,,,
2.5,6/10/10,10,6,2010,,,,,,,,
0,6/11/10,11,6,2010,,,,,,,,
4.6,6/12/10,12,6,2010,,,,,,,,
0.5,6/13/10,13,6,2010,,,,,,,,
0,6/14/10,14,6,2010,,,,,,,,
0,6/15/10,15,6,2010,,,,,,,,
0.5,6/16/10,16,6,2010,,,,,,,,
0,6/17/10,17,6,2010,,,,,,,,
0,6/18/10,18,6,2010,,,,,,,,
0,6/19/10,19,6,2010,,,,,,,,
4.1,6/20/10,20,6,2010,,,,,,,,
0,6/21/10,21,6,2010,,,,,,,,
0,6/22/10,22,6,2010,,,,,,,,
1.5,6/23/10,23,6,2010,,,,,,,,
1.3,6/24/10,24,6,2010,,,,,,,,
0,6/25/10,25,6,2010,,,,,,,,
0,6/26/10,26,6,2010,,,,,,,,
0,6/27/10,27,6,2010,,,,,,,,
0,6/28/10,28,6,2010,,,,,,,,
0,6/29/10,29,6,2010,,,,,,,,
0,6/30/10,30,6,2010,,,,,,,,
0,7/1/10,1,7,2010,,,,,,,,
0,7/2/10,2,7,2010,,,,,,,,
0,7/3/10,3,7,2010,,,,,,,,
0,7/4/10,4,7,2010,,,,,,,,
0,7/5/10,5,7,2010,,,,,,,,
0,7/6/10,6,7,2010,,,,,,,,
0,7/7/10,7,7,2010,,,,,,,,
0,7/8/10,8,7,2010,,,,,,,,
0,7/9/10,9,7,2010,,,,,,,,
41.9,7/10/10,10,7,2010,,,,,,,,
0.3,7/11/10,11,7,2010,,,,,,,,
6.4,7/12/10,12,7,2010,,,,,,,,
1,7/13/10,13,7,2010,,,,,,,,
2.8,7/14/10,14,7,2010,,,,,,,,
0,7/15/10,15,7,2010,,,,,,,,
0.5,7/16/10,16,7,2010,,,,,,,,
0,7/17/10,17,7,2010,,,,,,,,
0,7/18/10,18,7,2010,,,,,,,,
0,7/19/10,19,7,2010,,,,,,,,
0,7/20/10,20,7,2010,,,,,,,,
1.3,7/21/10,21,7,2010,,,,,,,,
0,7/22/10,22,7,2010,,,,,,,,
12.4,7/23/10,23,7,2010,,,,,,,,
0,7/24/10,24,7,2010,,,,,,,,
0,7/25/10,25,7,2010,,,,,,,,
0,7/26/10,26,7,2010,,,,,,,,
0,7/27/10,27,7,2010,,,,,,,,
0,7/28/10,28,7,2010,,,,,,,,
1,7/29/10,29,7,2010,,,,,,,,
0,7/30/10,30,7,2010,,,,,,,,
0,7/31/10,31,7,2010,,,,,,,,
0,8/1/10,1,8,2010,,,,,,,,
0,8/2/10,2,8,2010,,,,,,,,
0,8/3/10,3,8,2010,,,,,,,,
0,8/4/10,4,8,2010,,,,,,,,
25.1,8/5/10,5,8,2010,,,,,,,,
0,8/6/10,6,8,2010,,,,,,,,
0,8/7/10,7,8,2010,,,,,,,,
0,8/8/10,8,8,2010,,,,,,,,
0,8/9/10,9,8,2010,,,,,,,,
1.8,8/10/10,10,8,2010,,,,,,,,
0,8/11/10,11,8,2010,,,,,,,,
0,8/12/10,12,8,2010,,,,,,,,
0,8/13/10,13,8,2010,,,,,,,,
0,8/14/10,14,8,2010,,,,,,,,
0,8/15/10,15,8,2010,,,,,,,,
5.3,8/16/10,16,8,2010,,,,,,,,
0,8/17/10,17,8,2010,,,,,,,,
0,8/18/10,18,8,2010,,,,,,,,
0,8/19/10,19,8,2010,,,,,,,,
0,8/20/10,20,8,2010,,,,,,,,
0,8/21/10,21,8,2010,,,,,,,,
6.1,8/22/10,22,8,2010,,,,,,,,
17.8,8/23/10,23,8,2010,,,,,,,,
19.8,8/24/10,24,8,2010,,,,,,,,
70.1,8/25/10,25,8,2010,,,,,,,,
0,8/26/10,26,8,2010,,,,,,,,
0,8/27/10,27,8,2010,,,,,,,,
0,8/28/10,28,8,2010,,,,,,,,
0,8/29/10,29,8,2010,,,,,,,,
0,8/30/10,30,8,2010,,,,,,,,
0,8/31/10,31,8,2010,,,,,,,,
0,9/1/10,1,9,2010,,,,,,,,
0,9/2/10,2,9,2010,,,,,,,,
8.6,9/3/10,3,9,2010,,,,,,,,
0.5,9/4/10,4,9,2010,,,,,,,,
0,9/5/10,5,9,2010,,,,,,,,
0,9/6/10,6,9,2010,,,,,,,,
0,9/7/10,7,9,2010,,,,,,,,
7.1,9/8/10,8,9,2010,,,,,,,,
0,9/9/10,9,9,2010,,,,,,,,
0,9/10/10,10,9,2010,,,,,,,,
0,9/11/10,11,9,2010,,,,,,,,
0,9/12/10,12,9,2010,,,,,,,,
2.5,9/13/10,13,9,2010,,,,,,,,
1.3,9/14/10,14,9,2010,,,,,,,,
0,9/15/10,15,9,2010,,,,,,,,
3.6,9/16/10,16,9,2010,,,,,,,,
3.8,9/17/10,17,9,2010,,,,,,,,
0,9/18/10,18,9,2010,,,,,,,,
0,9/19/10,19,9,2010,,,,,,,,
0,9/20/10,20,9,2010,,,,,,,,
0,9/21/10,21,9,2010,,,,,,,,
0,9/22/10,22,9,2010,,,,,,,,
0,9/23/10,23,9,2010,,,,,,,,
0,9/24/10,24,9,2010,,,,,,,,
0,9/25/10,25,9,2010,,,,,,,,
0,9/26/10,26,9,2010,,,,,,,,
1,9/27/10,27,9,2010,,,,,,,,
17.3,9/28/10,28,9,2010,,,,,,,,
0,9/29/10,29,9,2010,,,,,,,,
0,9/30/10,30,9,2010,,,,,,,,
8.9,10/1/10,1,10,2010,,,,,,,,
0,10/2/10,2,10,2010,,,,,,,,
0,10/3/10,3,10,2010,,,,,,,,
13,10/4/10,4,10,2010,,,,,,,,
2.3,10/5/10,5,10,2010,,,,,,,,
32.8,10/6/10,6,10,2010,,,,,,,,
0,10/7/10,7,10,2010,,,,,,,,
0,10/8/10,8,10,2010,,,,,,,,
0,10/9/10,9,10,2010,,,,,,,,
0,10/10/10,10,10,2010,,,,,,,,
0,10/11/10,11,10,2010,,,,,,,,
1.3,10/12/10,12,10,2010,,,,,,,,
0,10/13/10,13,10,2010,,,,,,,,
6.6,10/14/10,14,10,2010,,,,,,,,
30,10/15/10,15,10,2010,,,,,,,,
0,10/16/10,16,10,2010,,,,,,,,
0,10/17/10,17,10,2010,,,,,,,,
0,10/18/10,18,10,2010,,,,,,,,
0,10/19/10,19,10,2010,,,,,,,,
0,10/20/10,20,10,2010,,,,,,,,
0.5,10/21/10,21,10,2010,,,,,,,,
0,10/22/10,22,10,2010,,,,,,,,
0,10/23/10,23,10,2010,,,,,,,,
0.3,10/24/10,24,10,2010,,,,,,,,
0.3,10/25/10,25,10,2010,,,,,,,,
0,10/26/10,26,10,2010,,,,,,,,
3.3,10/27/10,27,10,2010,,,,,,,,
0,10/28/10,28,10,2010,,,,,,,,
0,10/29/10,29,10,2010,,,,,,,,
0,10/30/10,30,10,2010,,,,,,,,
0,10/31/10,31,10,2010,,,,,,,,
0,11/1/10,1,11,2010,,,,,,,,
0,11/2/10,2,11,2010,,,,,,,,
0,11/3/10,3,11,2010,,,,,,,,
19.8,11/4/10,4,11,2010,,,,,,,,
9.7,11/5/10,5,11,2010,,,,,,,,
0,11/6/10,6,11,2010,,,,,,,,
3.6,11/7/10,7,11,2010,,,,,,,,
10.9,11/8/10,8,11,2010,,,,,,,,
1.5,11/9/10,9,11,2010,,,,,,,,
1.8,11/10/10,10,11,2010,,,,,,,,
0,11/11/10,11,11,2010,,,,,,,,
0,11/12/10,12,11,2010,,,,,,,,
0,11/13/10,13,11,2010,,,,,,,,
0,11/14/10,14,11,2010,,,,,,,,
0,11/15/10,15,11,2010,,,,,,,,
1,11/16/10,16,11,2010,,,,,,,,
22.9,11/17/10,17,11,2010,,,,,,,,
0,11/18/10,18,11,2010,,,,,,,,
0,11/19/10,19,11,2010,,,,,,,,
0,11/20/10,20,11,2010,,,,,,,,
0,11/21/10,21,11,2010,,,,,,,,
0,11/22/10,22,11,2010,,,,,,,,
0,11/23/10,23,11,2010,,,,,,,,
0,11/24/10,24,11,2010,,,,,,,,
0,11/25/10,25,11,2010,,,,,,,,
4.1,11/26/10,26,11,2010,,,,,,,,
0,11/27/10,27,11,2010,,,,,,,,
0,11/28/10,28,11,2010,,,,,,,,
0,11/29/10,29,11,2010,,,,,,,,
0,11/30/10,30,11,2010,,,,,,,,
14.2,6/1/11,1,6,2011,,,,,,,,
0,6/2/11,2,6,2011,,,,,,,,
0,6/3/11,3,6,2011,,,,,,,,
0,6/4/11,4,6,2011,,,,,,,,
0,6/5/11,5,6,2011,,,,,,,,
0,6/6/11,6,6,2011,,,,,,,,
0,6/7/11,7,6,2011,,,,,,,,
0,6/8/11,8,6,2011,,,,,,,,
13,6/9/11,9,6,2011,,,,,,,,
0,6/10/11,10,6,2011,,,,,,,,
18,6/11/11,11,6,2011,,,,,,,,
8.4,6/12/11,12,6,2011,,,,,,,,
1.3,6/13/11,13,6,2011,,,,,,,,
1,6/14/11,14,6,2011,,,,,,,,
0,6/15/11,15,6,2011,,,,,,,,
0,6/16/11,16,6,2011,,,,,,,,
1,6/17/11,17,6,2011,,,,,,,,
1.8,6/18/11,18,6,2011,,,,,,,,
0,6/19/11,19,6,2011,,,,,,,,
0,6/20/11,20,6,2011,,,,,,,,
0,6/21/11,21,6,2011,,,,,,,,
46.2,6/22/11,22,6,2011,,,,,,,,
4.3,6/23/11,23,6,2011,,,,,,,,
0.3,6/24/11,24,6,2011,,,,,,,,
6.9,6/25/11,25,6,2011,,,,,,,,
0,6/26/11,26,6,2011,,,,,,,,
0,6/27/11,27,6,2011,,,,,,,,
0,6/28/11,28,6,2011,,,,,,,,
4.6,6/29/11,29,6,2011,,,,,,,,
0,6/30/11,30,6,2011,,,,,,,,
0,7/1/11,1,7,2011,,,,,,,,
0,7/2/11,2,7,2011,,,,,,,,
0.8,7/3/11,3,7,2011,,,,,,,,
0,7/4/11,4,7,2011,,,,,,,,
0,7/5/11,5,7,2011,,,,,,,,
0,7/6/11,6,7,2011,,,,,,,,
0,7/7/11,7,7,2011,,,,,,,,
7.4,7/8/11,8,7,2011,,,,,,,,
3,7/9/11,9,7,2011,,,,,,,,
0,7/10/11,10,7,2011,,,,,,,,
0,7/11/11,11,7,2011,,,,,,,,
0,7/12/11,12,7,2011,,,,,,,,
11.4,7/13/11,13,7,2011,,,,,,,,
18.3,7/14/11,14,7,2011,,,,,,,,
0,7/15/11,15,7,2011,,,,,,,,
0,7/16/11,16,7,2011,,,,,,,,
0,7/17/11,17,7,2011,,,,,,,,
0,7/18/11,18,7,2011,,,,,,,,
0,7/19/11,19,7,2011,,,,,,,,
0,7/20/11,20,7,2011,,,,,,,,
0,7/21/11,21,7,2011,,,,,,,,
0,7/22/11,22,7,2011,,,,,,,,
2.8,7/23/11,23,7,2011,,,,,,,,
0.5,7/24/11,24,7,2011,,,,,,,,
3.8,7/25/11,25,7,2011,,,,,,,,
0.3,7/26/11,26,7,2011,,,,,,,,
0,7/27/11,27,7,2011,,,,,,,,
0,7/28/11,28,7,2011,,,,,,,,
3.6,7/29/11,29,7,2011,,,,,,,,
0,7/30/11,30,7,2011,,,,,,,,
0,7/31/11,31,7,2011,,,,,,,,
0,8/1/11,1,8,2011,,,,,,,,
15.2,8/2/11,2,8,2011,,,,,,,,
0,8/3/11,3,8,2011,,,,,,,,
0,8/4/11,4,8,2011,,,,,,,,
0,8/5/11,5,8,2011,,,,,,,,
0,8/6/11,6,8,2011,,,,,,,,
26.9,8/7/11,7,8,2011,,,,,,,,
7.4,8/8/11,8,8,2011,,,,,,,,
30.7,8/9/11,9,8,2011,,,,,,,,
18.5,8/10/11,10,8,2011,,,,,,,,
0,8/11/11,11,8,2011,,,,,,,,
0,8/12/11,12,8,2011,,,,,,,,
0,8/13/11,13,8,2011,,,,,,,,
0.5,8/14/11,14,8,2011,,,,,,,,
36.3,8/15/11,15,8,2011,,,,,,,,
0.3,8/16/11,16,8,2011,,,,,,,,
0,8/17/11,17,8,2011,,,,,,,,
0,8/18/11,18,8,2011,,,,,,,,
0.8,8/19/11,19,8,2011,,,,,,,,
0,8/20/11,20,8,2011,,,,,,,,
0,8/21/11,21,8,2011,,,,,,,,
15,8/22/11,22,8,2011,,,,,,,,
0,8/23/11,23,8,2011,,,,,,,,
0,8/24/11,24,8,2011,,,,,,,,
1.5,8/25/11,25,8,2011,,,,,,,,
0.8,8/26/11,26,8,2011,,,,,,,,
19.6,8/27/11,27,8,2011,,,,,,,,
23.1,8/28/11,28,8,2011,,,,,,,,
0,8/29/11,29,8,2011,,,,,,,,
0,8/30/11,30,8,2011,,,,,,,,
0,8/31/11,31,8,2011,,,,,,,,
0,9/1/11,1,9,2011,,,,,,,,
0,9/2/11,2,9,2011,,,,,,,,
0,9/3/11,3,9,2011,,,,,,,,
0,9/4/11,4,9,2011,,,,,,,,
0,9/5/11,5,9,2011,,,,,,,,
17.3,9/6/11,6,9,2011,,,,,,,,
7.6,9/7/11,7,9,2011,,,,,,,,
29.7,9/8/11,8,9,2011,,,,,,,,
0,9/9/11,9,9,2011,,,,,,,,
0,9/10/11,10,9,2011,,,,,,,,
0,9/11/11,11,9,2011,,,,,,,,
0,9/12/11,12,9,2011,,,,,,,,
0,9/13/11,13,9,2011,,,,,,,,
2,9/14/11,14,9,2011,,,,,,,,
0.8,9/15/11,15,9,2011,,,,,,,,
0,9/16/11,16,9,2011,,,,,,,,
0,9/17/11,17,9,2011,,,,,,,,
0,9/18/11,18,9,2011,,,,,,,,
0,9/19/11,19,9,2011,,,,,,,,
3.3,9/20/11,20,9,2011,,,,,,,,
0,9/21/11,21,9,2011,,,,,,,,
1.3,9/22/11,22,9,2011,,,,,,,,
11.9,9/23/11,23,9,2011,,,,,,,,
10.9,9/24/11,24,9,2011,,,,,,,,
0,9/25/11,25,9,2011,,,,,,,,
0,9/26/11,26,9,2011,,,,,,,,
0,9/27/11,27,9,2011,,,,,,,,
0,9/28/11,28,9,2011,,,,,,,,
23.9,9/29/11,29,9,2011,,,,,,,,
3,9/30/11,30,9,2011,,,,,,,,
8.6,10/1/11,1,10,2011,,,,,,,,
0,10/2/11,2,10,2011,,,,,,,,
1.8,10/3/11,3,10,2011,,,,,,,,
28.4,10/4/11,4,10,2011,,,,,,,,
0,10/5/11,5,10,2011,,,,,,,,
0,10/6/11,6,10,2011,,,,,,,,
0,10/7/11,7,10,2011,,,,,,,,
0,10/8/11,8,10,2011,,,,,,,,
0,10/9/11,9,10,2011,,,,,,,,
0,10/10/11,10,10,2011,,,,,,,,
0,10/11/11,11,10,2011,,,,,,,,
2,10/12/11,12,10,2011,,,,,,,,
23.6,10/13/11,13,10,2011,,,,,,,,
14.7,10/14/11,14,10,2011,,,,,,,,
0,10/15/11,15,10,2011,,,,,,,,
0,10/16/11,16,10,2011,,,,,,,,
0,10/17/11,17,10,2011,,,,,,,,
0,10/18/11,18,10,2011,,,,,,,,
29.7,10/19/11,19,10,2011,,,,,,,,
11.9,10/20/11,20,10,2011,,,,,,,,
0,10/21/11,21,10,2011,,,,,,,,
0,10/22/11,22,10,2011,,,,,,,,
0,10/23/11,23,10,2011,,,,,,,,
0,10/24/11,24,10,2011,,,,,,,,
0.3,10/25/11,25,10,2011,,,,,,,,
0.5,10/26/11,26,10,2011,,,,,,,,
25.9,10/27/11,27,10,2011,,,,,,,,
0,10/28/11,28,10,2011,,,,,,,,
21.6,10/29/11,29,10,2011,,,,,,,,
2.8,10/30/11,30,10,2011,,,,,,,,
0,10/31/11,31,10,2011,,,,,,,,
0,11/1/11,1,11,2011,,,,,,,,
0,11/2/11,2,11,2011,,,,,,,,
0,11/3/11,3,11,2011,,,,,,,,
0,11/4/11,4,11,2011,,,,,,,,
0,11/5/11,5,11,2011,,,,,,,,
0,11/6/11,6,11,2011,,,,,,,,
0,11/7/11,7,11,2011,,,,,,,,
0,11/8/11,8,11,2011,,,,,,,,
0,11/9/11,9,11,2011,,,,,,,,
26.7,11/10/11,10,11,2011,,,,,,,,
0,11/11/11,11,11,2011,,,,,,,,
0,11/12/11,12,11,2011,,,,,,,,
0,11/13/11,13,11,2011,,,,,,,,
0,11/14/11,14,11,2011,,,,,,,,
0,11/15/11,15,11,2011,,,,,,,,
19.8,11/16/11,16,11,2011,,,,,,,,
3.3,11/17/11,17,11,2011,,,,,,,,
0,11/18/11,18,11,2011,,,,,,,,
0,11/19/11,19,11,2011,,,,,,,,
0,11/20/11,20,11,2011,,,,,,,,
0,11/21/11,21,11,2011,,,,,,,,
0.8,11/22/11,22,11,2011,,,,,,,,
37.1,11/23/11,23,11,2011,,,,,,,,
0,11/24/11,24,11,2011,,,,,,,,
0,11/25/11,25,11,2011,,,,,,,,
0,11/26/11,26,11,2011,,,,,,,,
0,11/27/11,27,11,2011,,,,,,,,
0,11/28/11,28,11,2011,,,,,,,,
1.5,11/29/11,29,11,2011,,,,,,,,
17.8,11/30/11,30,11,2011,,,,,,,,
,,,,,,,,,,,,
,,,,,,,,,,,,
,,,,,,,,,,,,
,,,,,,,,,,,,
,,,,,,,,,,,,
,,,,,,,,,,,,
,,,,,,,,,,,,
,,,,,,,,,,,,
,,,,,,,,,,,,
,,,,,,,,,,,,
,,,,,,,,,,,,
,,,,,,,,,,,,
,,,,,,,,,,,,
,,,,,,,,,,,,
,,,,,,,,,,,,
,,,,,,,,,,,,
,,,,,,,,,,,,
,,,,,,,,,,,,
,,,,,,,,,,,,
,,,,,,,,,,,,
,,,,,,,,,,,,
,,,,,,,,,,,,
,,,,,,,,,,,,
,,,,,,,,,,,,
,,,,,,,,,,,,
,,,,,,,,,,,,
,,,,,,,,,,,,
,,,,,,,,,,,,
,,,,,,,,,,,,
,,,,,,,,,,,,
,,,,,,,,,,,,
,,,,,,,,,,,,
,,,,,,,,,,,,
,,,,,,,,,,,,
,,,,,,,,,,,,
,,,,,,,,,,,,
,,,,,,,,,,,,
,,,,,,,,,,,,
,,,,,,,,,,,,
,,,,,,,,,,,,
,,,,,,,,,,,,
,,,,,,,,,,,,
,,,,,,,,,,,,
,,,,,,,,,,,,
,,,,,,,,,,,,
,,,,,,,,,,,,
,,,,,,,,,,,,
,,,,,,,,,,,,
,,,,,,,,,,,,
,,,,,,,,,,,,
,,,,,,,,,,,,
,,,,,,,,,,,,
,,,,,,,,,,,,
,,,,,,,,,,,,
,,,,,,,,,,,,
,,,,,,,,,,,,
,,,,,,,,,,,,
,,,,,,,,,,,,
,,,,,,,,,,,,
,,,,,,,,,,,,
,,,,,,,,,,,,
,,,,,,,,,,,,
,,,,,,,,,,,,
,,,,,,,,,,,,
,,,,,,,,,,,,
,,,,,,,,,,,,
,,,,,,,,,,,,
,,,,,,,,,,,,
,,,,,,,,,,,,
,,,,,,,,,,,,
,,,,,,,,,,,,
,,,,,,,,,,,,
,,,,,,,,,,,,
,,,,,,,,,,,,
,,,,,,,,,,,,
,,,,,,,,,,,,
,,,,,,,,,,,,
,,,,,,,,,,,,
,,,,,,,,,,,,
,,,,,,,,,,,,
,,,,,,,,,,,,
,,,,,,,,,,,,
,,,,,,,,,,,,
,,,,,,,,,,,,
,,,,,,,,,,,,
,,,,,,,,,,,,
,,,,,,,,,,,,
,,,,,,,,,,,,
,,,,,,,,,,,,
,,,,,,,,,,,,
,,,,,,,,,,,,
,,,,,,,,,,,,
,,,,,,,,,,,,
,,,,,,,,,,,,
,,,,,,,,,,,,
,,,,,,,,,,,,
,,,,,,,,,,,,
,,,,,,,,,,,,
,,,,,,,,,,,,
,,,,,,,,,,,,
,,,,,,,,,,,,
,,,,,,,,,,,,
,,,,,,,,,,,,
,,,,,,,,,,,,
,,,,,,,,,,,,
,,,,,,,,,,,,
,,,,,,,,,,,,
,,,,,,,,,,,,
,,,,,,,,,,,,
,,,,,,,,,,,,
,,,,,,,,,,,,
,,,,,,,,,,,,
,,,,,,,,,,,,
,,,,,,,,,,,,
,,,,,,,,,,,,
,,,,,,,,,,,,
,,,,,,,,,,,,
,,,,,,,,,,,,
,,,,,,,,,,,,
,,,,,,,,,,,,
,,,,,,,,,,,,
,,,,,,,,,,,,
,,,,,,,,,,,,
,,,,,,,,,,,,
,,,,,,,,,,,,
,,,,,,,,,,,,
,,,,,,,,,,,,
,,,,,,,,,,,,
,,,,,,,,,,,,
,,,,,,,,,,,,
,,,,,,,,,,,,
,,,,,,,,,,,,
,,,,,,,,,,,,
,,,,,,,,,,,,
,,,,,,,,,,,,
,,,,,,,,,,,,
,,,,,,,,,,,,
,,,,,,,,,,,,
,,,,,,,,,,,,
,,,,,,,,,,,,
,,,,,,,,,,,,
,,,,,,,,,,,,
,,,,,,,,,,,,
,,,,,,,,,,,,
,,,,,,,,,,,,
,,,,,,,,,,,,
,,,,,,,,,,,,
,,,,,,,,,,,,
,,,,,,,,,,,,
,,,,,,,,,,,,
,,,,,,,,,,,,
,,,,,,,,,,,,
,,,,,,,,,,,,
,,,,,,,,,,,,
,,,,,,,,,,,,
,,,,,,,,,,,,
,,,,,,,,,,,,
,,,,,,,,,,,,
,,,,,,,,,,,,
,,,,,,,,,,,,
,,,,,,,,,,,,
,,,,,,,,,,,,
,,,,,,,,,,,,
,,,,,,,,,,,,
,,,,,,,,,,,,
,,,,,,,,,,,,
,,,,,,,,,,,,
,,,,,,,,,,,,
,,,,,,,,,,,,
,,,,,,,,,,,,
,,,,,,,,,,,,
,,,,,,,,,,,,
,,,,,,,,,,,,
,,,,,,,,,,,,
,,,,,,,,,,,,
,,,,,,,,,,,,
,,,,,,,,,,,,
,,,,,,,,,,,,
,,,,,,,,,,,,
,,,,,,,,,,,,
,,,,,,,,,,,,
,,,,,,,,,,,,
,,,,,,,,,,,,
,,,,,,,,,,,,
,,,,,,,,,,,,
,,,,,,,,,,,,
,,,,,,,,,,,,
,,,,,,,,,,,,
,,,,,,,,,,,,
,,,,,,,,,,,,
,,,,,,,,,,,,
,,,,,,,,,,,,
,,,,,,,,,,,,
,,,,,,,,,,,,
,,,,,,,,,,,,
,,,,,,,,,,,,
,,,,,,,,,,,,
,,,,,,,,,,,,
,,,,,,,,,,,,
,,,,,,,,,,,,
,,,,,,,,,,,,
,,,,,,,,,,,,
,,,,,,,,,,,,
,,,,,,,,,,,,
,,,,,,,,,,,,
,,,,,,,,,,,,
,,,,,,,,,,,,
,,,,,,,,,,,,
,,,,,,,,,,,,
,,,,,,,,,,,,
,,,,,,,,,,,,
,,,,,,,,,,,,
,,,,,,,,,,,,
,,,,,,,,,,,,
,,,,,,,,,,,,
,,,,,,,,,,,,
,,,,,,,,,,,,
,,,,,,,,,,,,
,,,,,,,,,,,,
,,,,,,,,,,,,
,,,,,,,,,,,,
,,,,,,,,,,,,
,,,,,,,,,,,,
,,,,,,,,,,,,
,,,,,,,,,,,,
,,,,,,,,,,,,
,,,,,,,,,,,,
,,,,,,,,,,,,
,,,,,,,,,,,,
,,,,,,,,,,,,
,,,,,,,,,,,,
,,,,,,,,,,,,
,,,,,,,,,,,,
,,,,,,,,,,,,
,,,,,,,,,,,,
,,,,,,,,,,,,
,,,,,,,,,,,,
,,,,,,,,,,,,
,,,,,,,,,,,,
,,,,,,,,,,,,
,,,,,,,,,,,,
,,,,,,,,,,,,
,,,,,,,,,,,,
,,,,,,,,,,,,
,,,,,,,,,,,,
,,,,,,,,,,,,
,,,,,,,,,,,,
,,,,,,,,,,,,
,,,,,,,,,,,,
,,,,,,,,,,,,
,,,,,,,,,,,,
,,,,,,,,,,,,
,,,,,,,,,,,,
,,,,,,,,,,,,
,,,,,,,,,,,,
,,,,,,,,,,,,
,,,,,,,,,,,,
,,,,,,,,,,,,
,,,,,,,,,,,,
,,,,,,,,,,,,
,,,,,,,,,,,,
,,,,,,,,,,,,
,,,,,,,,,,,,
,,,,,,,,,,,,
,,,,,,,,,,,,
,,,,,,,,,,,,
,,,,,,,,,,,,
,,,,,,,,,,,,
,,,,,,,,,,,,
,,,,,,,,,,,,
,,,,,,,,,,,,
,,,,,,,,,,,,
,,,,,,,,,,,,
,,,,,,,,,,,,
,,,,,,,,,,,,
,,,,,,,,,,,,
,,,,,,,,,,,,
,,,,,,,,,,,,
,,,,,,,,,,,,
,,,,,,,,,,,,
,,,,,,,,,,,,
,,,,,,,,,,,,
,,,,,,,,,,,,
,,,,,,,,,,,,
,,,,,,,,,,,,
,,,,,,,,,,,,
,,,,,,,,,,,,
,,,,,,,,,,,,
,,,,,,,,,,,,
,,,,,,,,,,,,
,,,,,,,,,,,,
,,,,,,,,,,,,
,,,,,,,,,,,,
,,,,,,,,,,,,
,,,,,,,,,,,,
,,,,,,,,,,,,
,,,,,,,,,,,,
,,,,,,,,,,,,
,,,,,,,,,,,,
,,,,,,,,,,,,
,,,,,,,,,,,,
,,,,,,,,,,,,
,,,,,,,,,,,,
,,,,,,,,,,,,
,,,,,,,,,,,,
,,,,,,,,,,,,
,,,,,,,,,,,,
,,,,,,,,,,,,
,,,,,,,,,,,,
,,,,,,,,,,,,
,,,,,,,,,,,,
,,,,,,,,,,,,
,,,,,,,,,,,,
,,,,,,,,,,,,
,,,,,,,,,,,,
,,,,,,,,,,,,
,,,,,,,,,,,,
,,,,,,,,,,,,
,,,,,,,,,,,,
,,,,,,,,,,,,
,,,,,,,,,,,,
,,,,,,,,,,,,
,,,,,,,,,,,,
,,,,,,,,,,,,
,,,,,,,,,,,,
,,,,,,,,,,,,
,,,,,,,,,,,,
,,,,,,,,,,,,
,,,,,,,,,,,,
,,,,,,,,,,,,
,,,,,,,,,,,,
,,,,,,,,,,,,
,,,,,,,,,,,,
,,,,,,,,,,,,
,,,,,,,,,,,,
,,,,,,,,,,,,
,,,,,,,,,,,,
,,,,,,,,,,,,
,,,,,,,,,,,,
,,,,,,,,,,,,
,,,,,,,,,,,,
,,,,,,,,,,,,
,,,,,,,,,,,,
,,,,,,,,,,,,
,,,,,,,,,,,,
,,,,,,,,,,,,
,,,,,,,,,,,,
,,,,,,,,,,,,
,,,,,,,,,,,,
,,,,,,,,,,,,
,,,,,,,,,,,,
,,,,,,,,,,,,
,,,,,,,,,,,,
,,,,,,,,,,,,
,,,,,,,,,,,,
,,,,,,,,,,,,
,,,,,,,,,,,,
,,,,,,,,,,,,
,,,,,,,,,,,,
,,,,,,,,,,,,
,,,,,,,,,,,,
,,,,,,,,,,,,
,,,,,,,,,,,,
,,,,,,,,,,,,
,,,,,,,,,,,,
,,,,,,,,,,,,
,,,,,,,,,,,,
,,,,,,,,,,,,
,,,,,,,,,,,,
,,,,,,,,,,,,
,,,,,,,,,,,,
,,,,,,,,,,,,
,,,,,,,,,,,,
,,,,,,,,,,,,
,,,,,,,,,,,,
,,,,,,,,,,,,
,,,,,,,,,,,,
,,,,,,,,,,,,
,,,,,,,,,,,,
,,,,,,,,,,,,
,,,,,,,,,,,,
,,,,,,,,,,,,
,,,,,,,,,,,,
,,,,,,,,,,,,
,,,,,,,,,,,,
,,,,,,,,,,,,
,,,,,,,,,,,,
,,,,,,,,,,,,
,,,,,,,,,,,,
,,,,,,,,,,,,
,,,,,,,,,,,,
,,,,,,,,,,,,
,,,,,,,,,,,,
,,,,,,,,,,,,
,,,,,,,,,,,,
,,,,,,,,,,,,
,,,,,,,,,,,,
,,,,,,,,,,,,
,,,,,,,,,,,,
,,,,,,,,,,,,
,,,,,,,,,,,,
,,,,,,,,,,,,
,,,,,,,,,,,,
,,,,,,,,,,,,
,,,,,,,,,,,,
,,,,,,,,,,,,
,,,,,,,,,,,,
,,,,,,,,,,,,
,,,,,,,,,,,,
,,,,,,,,,,,,
,,,,,,,,,,,,
,,,,,,,,,,,,
,,,,,,,,,,,,
,,,,,,,,,,,,
,,,,,,,,,,,,
,,,,,,,,,,,,
,,,,,,,,,,,,
,,,,,,,,,,,,
,,,,,,,,,,,,
,,,,,,,,,,,,
,,,,,,,,,,,,
,,,,,,,,,,,,
,,,,,,,,,,,,
,,,,,,,,,,,,
,,,,,,,,,,,,
,,,,,,,,,,,,
,,,,,,,,,,,,
,,,,,,,,,,,,
,,,,,,,,,,,,
,,,,,,,,,,,,
,,,,,,,,,,,,
,,,,,,,,,,,,
,,,,,,,,,,,,
,,,,,,,,,,,,
,,,,,,,,,,,,
,,,,,,,,,,,,
,,,,,,,,,,,,
,,,,,,,,,,,,
,,,,,,,,,,,,
,,,,,,,,,,,,
,,,,,,,,,,,,
,,,,,,,,,,,,
,,,,,,,,,,,,
,,,,,,,,,,,,
,,,,,,,,,,,,
,,,,,,,,,,,,
,,,,,,,,,,,,
,,,,,,,,,,,,
,,,,,,,,,,,,
,,,,,,,,,,,,
,,,,,,,,,,,,
,,,,,,,,,,,,
,,,,,,,,,,,,
,,,,,,,,,,,,
,,,,,,,,,,,,
,,,,,,,,,,,,
,,,,,,,,,,,,
,,,,,,,,,,,,
,,,,,,,,,,,,
,,,,,,,,,,,,
,,,,,,,,,,,,
,,,,,,,,,,,,
,,,,,,,,,,,,
,,,,,,,,,,,,
,,,,,,,,,,,,
,,,,,,,,,,,,
,,,,,,,,,,,,
,,,,,,,,,,,,
,,,,,,,,,,,,
,,,,,,,,,,,,
,,,,,,,,,,,,
,,,,,,,,,,,,
,,,,,,,,,,,,
,,,,,,,,,,,,
,,,,,,,,,,,,
,,,,,,,,,,,,
,,,,,,,,,,,,
,,,,,,,,,,,,
,,,,,,,,,,,,
,,,,,,,,,,,,
,,,,,,,,,,,,
,,,,,,,,,,,,
,,,,,,,,,,,,
,,,,,,,,,,,,
,,,,,,,,,,,,
,,,,,,,,,,,,
,,,,,,,,,,,,
,,,,,,,,,,,,
,,,,,,,,,,,,
,,,,,,,,,,,,
,,,,,,,,,,,,
,,,,,,,,,,,,
,,,,,,,,,,,,
,,,,,,,,,,,,
,,,,,,,,,,,,
,,,,,,,,,,,,
,,,,,,,,,,,,
,,,,,,,,,,,,
,,,,,,,,,,,,
,,,,,,,,,,,,
,,,,,,,,,,,,
,,,,,,,,,,,,
,,,,,,,,,,,,
,,,,,,,,,,,,
,,,,,,,,,,,,
,,,,,,,,,,,,
,,,,,,,,,,,,
,,,,,,,,,,,,
,,,,,,,,,,,,
,,,,,,,,,,,,
,,,,,,,,,,,,
,,,,,,,,,,,,
,,,,,,,,,,,,
,,,,,,,,,,,,
,,,,,,,,,,,,
,,,,,,,,,,,,
,,,,,,,,,,,,
,,,,,,,,,,,,
,,,,,,,,,,,,
,,,,,,,,,,,,
,,,,,,,,,,,,
,,,,,,,,,,,,
,,,,,,,,,,,,
,,,,,,,,,,,,
,,,,,,,,,,,,
,,,,,,,,,,,,
,,,,,,,,,,,,
,,,,,,,,,,,,
,,,,,,,,,,,,
,,,,,,,,,,,,
,,,,,,,,,,,,
,,,,,,,,,,,,
,,,,,,,,,,,,
,,,,,,,,,,,,
,,,,,,,,,,,,
,,,,,,,,,,,,
,,,,,,,,,,,,
,,,,,,,,,,,,
,,,,,,,,,,,,
,,,,,,,,,,,,
,,,,,,,,,,,,
,,,,,,,,,,,,
,,,,,,,,,,,,
,,,,,,,,,,,,
,,,,,,,,,,,,
,,,,,,,,,,,,
,,,,,,,,,,,,
,,,,,,,,,,,,
,,,,,,,,,,,,
0,6/1/12,1,6,2012,,,,,,,,
28.7,6/2/12,2,6,2012,,,,,,,,
0.3,6/3/12,3,6,2012,,,,,,,,
3.3,6/4/12,4,6,2012,,,,,,,,
3.3,6/5/12,5,6,2012,,,,,,,,
0,6/6/12,6,6,2012,,,,,,,,
1,6/7/12,7,6,2012,,,,,,,,
7.9,6/8/12,8,6,2012,,,,,,,,
0,6/9/12,9,6,2012,,,,,,,,
0,6/10/12,10,6,2012,,,,,,,,
0,6/11/12,11,6,2012,,,,,,,,
0.3,6/12/12,12,6,2012,,,,,,,,
17.8,6/13/12,13,6,2012,,,,,,,,
0,6/14/12,14,6,2012,,,,,,,,
0,6/15/12,15,6,2012,,,,,,,,
0,6/16/12,16,6,2012,,,,,,,,
0,6/17/12,17,6,2012,,,,,,,,
0,6/18/12,18,6,2012,,,,,,,,
0,6/19/12,19,6,2012,,,,,,,,
0,6/20/12,20,6,2012,,,,,,,,
0,6/21/12,21,6,2012,,,,,,,,
0.5,6/22/12,22,6,2012,,,,,,,,
30.2,6/23/12,23,6,2012,,,,,,,,
0,6/24/12,24,6,2012,,,,,,,,
23.6,6/25/12,25,6,2012,,,,,,,,
1.5,6/26/12,26,6,2012,,,,,,,,
0,6/27/12,27,6,2012,,,,,,,,
0,6/28/12,28,6,2012,,,,,,,,
1.3,6/29/12,29,6,2012,,,,,,,,
0,6/30/12,30,6,2012,,,,,,,,
0,7/1/12,1,7,2012,,,,,,,,
0,7/2/12,2,7,2012,,,,,,,,
0,7/3/12,3,7,2012,,,,,,,,
3.6,7/4/12,4,7,2012,,,,,,,,
0,7/5/12,5,7,2012,,,,,,,,
0,7/6/12,6,7,2012,,,,,,,,
0,7/7/12,7,7,2012,,,,,,,,
0,7/8/12,8,7,2012,,,,,,,,
0,7/9/12,9,7,2012,,,,,,,,
0,7/10/12,10,7,2012,,,,,,,,
0,7/11/12,11,7,2012,,,,,,,,
0,7/12/12,12,7,2012,,,,,,,,
0,7/13/12,13,7,2012,,,,,,,,
0,7/14/12,14,7,2012,,,,,,,,
0,7/15/12,15,7,2012,,,,,,,,
0,7/16/12,16,7,2012,,,,,,,,
0,7/17/12,17,7,2012,,,,,,,,
44.2,7/18/12,18,7,2012,,,,,,,,
1.5,7/19/12,19,7,2012,,,,,,,,
0,7/20/12,20,7,2012,,,,,,,,
0,7/21/12,21,7,2012,,,,,,,,
0,7/22/12,22,7,2012,,,,,,,,
0.5,7/23/12,23,7,2012,,,,,,,,
14,7/24/12,24,7,2012,,,,,,,,
0,7/25/12,25,7,2012,,,,,,,,
0,7/26/12,26,7,2012,,,,,,,,
0.5,7/27/12,27,7,2012,,,,,,,,
22.1,7/28/12,28,7,2012,,,,,,,,
0,7/29/12,29,7,2012,,,,,,,,
0,7/30/12,30,7,2012,,,,,,,,
12.2,7/31/12,31,7,2012,,,,,,,,
20.3,8/1/12,1,8,2012,,,,,,,,
0,8/2/12,2,8,2012,,,,,,,,
0,8/3/12,3,8,2012,,,,,,,,
0,8/4/12,4,8,2012,,,,,,,,
2,8/5/12,5,8,2012,,,,,,,,
0,8/6/12,6,8,2012,,,,,,,,
0,8/7/12,7,8,2012,,,,,,,,
0,8/8/12,8,8,2012,,,,,,,,
0,8/9/12,9,8,2012,,,,,,,,
29.7,8/10/12,10,8,2012,,,,,,,,
0,8/11/12,11,8,2012,,,,,,,,
0.3,8/12/12,12,8,2012,,,,,,,,
0,8/13/12,13,8,2012,,,,,,,,
0,8/14/12,14,8,2012,,,,,,,,
21.1,8/15/12,15,8,2012,,,,,,,,
0,8/16/12,16,8,2012,,,,,,,,
0,8/17/12,17,8,2012,,,,,,,,
1,8/18/12,18,8,2012,,,,,,,,
0,8/19/12,19,8,2012,,,,,,,,
0,8/20/12,20,8,2012,,,,,,,,
0,8/21/12,21,8,2012,,,,,,,,
0,8/22/12,22,8,2012,,,,,,,,
0,8/23/12,23,8,2012,,,,,,,,
0,8/24/12,24,8,2012,,,,,,,,
0,8/25/12,25,8,2012,,,,,,,,
0,8/26/12,26,8,2012,,,,,,,,
0,8/27/12,27,8,2012,,,,,,,,
3.8,8/28/12,28,8,2012,,,,,,,,
0,8/29/12,29,8,2012,,,,,,,,
0,8/30/12,30,8,2012,,,,,,,,
0,8/31/12,31,8,2012,,,,,,,,
0,9/1/12,1,9,2012,,,,,,,,
0,9/2/12,2,9,2012,,,,,,,,
0,9/3/12,3,9,2012,,,,,,,,
11.2,9/4/12,4,9,2012,,,,,,,,
16.8,9/5/12,5,9,2012,,,,,,,,
0,9/6/12,6,9,2012,,,,,,,,
10.9,9/7/12,7,9,2012,,,,,,,,
18,9/8/12,8,9,2012,,,,,,,,
0,9/9/12,9,9,2012,,,,,,,,
0,9/10/12,10,9,2012,,,,,,,,
0,9/11/12,11,9,2012,,,,,,,,
0,9/12/12,12,9,2012,,,,,,,,
0,9/13/12,13,9,2012,,,,,,,,
0,9/14/12,14,9,2012,,,,,,,,
3,9/15/12,15,9,2012,,,,,,,,
0,9/16/12,16,9,2012,,,,,,,,
0,9/17/12,17,9,2012,,,,,,,,
2.3,9/18/12,18,9,2012,,,,,,,,
15.5,9/19/12,19,9,2012,,,,,,,,
0,9/20/12,20,9,2012,,,,,,,,
0,9/21/12,21,9,2012,,,,,,,,
0,9/22/12,22,9,2012,,,,,,,,
0.5,9/23/12,23,9,2012,,,,,,,,
0,9/24/12,24,9,2012,,,,,,,,
0,9/25/12,25,9,2012,,,,,,,,
0,9/26/12,26,9,2012,,,,,,,,
0,9/27/12,27,9,2012,,,,,,,,
20.1,9/28/12,28,9,2012,,,,,,,,
0.5,9/29/12,29,9,2012,,,,,,,,
5.3,9/30/12,30,9,2012,,,,,,,,
0,10/1/12,1,10,2012,,,,,,,,
0.8,10/2/12,2,10,2012,,,,,,,,
2,10/3/12,3,10,2012,,,,,,,,
0.8,10/4/12,4,10,2012,,,,,,,,
0,10/5/12,5,10,2012,,,,,,,,
1.5,10/6/12,6,10,2012,,,,,,,,
2.8,10/7/12,7,10,2012,,,,,,,,
0,10/8/12,8,10,2012,,,,,,,,
0,10/9/12,9,10,2012,,,,,,,,
3.6,10/10/12,10,10,2012,,,,,,,,
0,10/11/12,11,10,2012,,,,,,,,
0.8,10/12/12,12,10,2012,,,,,,,,
0,10/13/12,13,10,2012,,,,,,,,
4.8,10/14/12,14,10,2012,,,,,,,,
0.5,10/15/12,15,10,2012,,,,,,,,
1.5,10/16/12,16,10,2012,,,,,,,,
0,10/17/12,17,10,2012,,,,,,,,
0,10/18/12,18,10,2012,,,,,,,,
1.5,10/19/12,19,10,2012,,,,,,,,
4.1,10/20/12,20,10,2012,,,,,,,,
0,10/21/12,21,10,2012,,,,,,,,
0,10/22/12,22,10,2012,,,,,,,,
0,10/23/12,23,10,2012,,,,,,,,
0,10/24/12,24,10,2012,,,,,,,,
0,10/25/12,25,10,2012,,,,,,,,
0,10/26/12,26,10,2012,,,,,,,,
0,10/27/12,27,10,2012,,,,,,,,
2,10/28/12,28,10,2012,,,,,,,,
26.9,10/29/12,29,10,2012,,,,,,,,
12.4,10/30/12,30,10,2012,,,,,,,,
0.5,10/31/12,31,10,2012,,,,,,,,
0,11/1/12,1,11,2012,,,,,,,,
0.8,11/2/12,2,11,2012,,,,,,,,
0,11/3/12,3,11,2012,,,,,,,,
0,11/4/12,4,11,2012,,,,,,,,
0,11/5/12,5,11,2012,,,,,,,,
0,11/6/12,6,11,2012,,,,,,,,
8.4,11/7/12,7,11,2012,,,,,,,,
5.3,11/8/12,8,11,2012,,,,,,,,
0,11/9/12,9,11,2012,,,,,,,,
0,11/10/12,10,11,2012,,,,,,,,
0,11/11/12,11,11,2012,,,,,,,,
0,11/12/12,12,11,2012,,,,,,,,
7.4,11/13/12,13,11,2012,,,,,,,,
0,11/14/12,14,11,2012,,,,,,,,
0,11/15/12,15,11,2012,,,,,,,,
0,11/16/12,16,11,2012,,,,,,,,
0,11/17/12,17,11,2012,,,,,,,,
0,11/18/12,18,11,2012,,,,,,,,
0,11/19/12,19,11,2012,,,,,,,,
0,11/20/12,20,11,2012,,,,,,,,
0,11/21/12,21,11,2012,,,,,,,,
0,11/22/12,22,11,2012,,,,,,,,
0,11/23/12,23,11,2012,,,,,,,,
0,11/24/12,24,11,2012,,,,,,,,
0,11/25/12,25,11,2012,,,,,,,,
0,11/26/12,26,11,2012,,,,,,,,
3.8,11/27/12,27,11,2012,,,,,,,,
0,11/28/12,28,11,2012,,,,,,,,
0,11/29/12,29,11,2012,,,,,,,,
0,11/30/12,30,11,2012,,,,,,,,
0,6/1/13,1,6,2013,,,,,,,,
0,6/2/13,2,6,2013,,,,,,,,
18,6/3/13,3,6,2013,,,,,,,,
0,6/4/13,4,6,2013,,,,,,,,
0,6/5/13,5,6,2013,,,,,,,,
0.5,6/6/13,6,6,2013,,,,,,,,
78,6/7/13,7,6,2013,,,,,,,,
13.7,6/8/13,8,6,2013,,,,,,,,
0,6/9/13,9,6,2013,,,,,,,,
22.4,6/10/13,10,6,2013,,,,,,,,
35.1,6/11/13,11,6,2013,,,,,,,,
1.8,6/12/13,12,6,2013,,,,,,,,
18.3,6/13/13,13,6,2013,,,,,,,,
25.9,6/14/13,14,6,2013,,,,,,,,
0,6/15/13,15,6,2013,,,,,,,,
0,6/16/13,16,6,2013,,,,,,,,
10.9,6/17/13,17,6,2013,,,,,,,,
16,6/18/13,18,6,2013,,,,,,,,
0,6/19/13,19,6,2013,,,,,,,,
0,6/20/13,20,6,2013,,,,,,,,
0,6/21/13,21,6,2013,,,,,,,,
0,6/22/13,22,6,2013,,,,,,,,
0,6/23/13,23,6,2013,,,,,,,,
8.4,6/24/13,24,6,2013,,,,,,,,
0,6/25/13,25,6,2013,,,,,,,,
1,6/26/13,26,6,2013,,,,,,,,
0.8,6/27/13,27,6,2013,,,,,,,,
11.4,6/28/13,28,6,2013,,,,,,,,
1.8,6/29/13,29,6,2013,,,,,,,,
2.8,6/30/13,30,6,2013,,,,,,,,
0.8,7/1/13,1,7,2013,,,,,,,,
0,7/2/13,2,7,2013,,,,,,,,
0,7/3/13,3,7,2013,,,,,,,,
0,7/4/13,4,7,2013,,,,,,,,
0,7/5/13,5,7,2013,,,,,,,,
0,7/6/13,6,7,2013,,,,,,,,
0,7/7/13,7,7,2013,,,,,,,,
0.3,7/8/13,8,7,2013,,,,,,,,
0,7/9/13,9,7,2013,,,,,,,,
0.3,7/10/13,10,7,2013,,,,,,,,
4.3,7/11/13,11,7,2013,,,,,,,,
0,7/12/13,12,7,2013,,,,,,,,
0,7/13/13,13,7,2013,,,,,,,,
0,7/14/13,14,7,2013,,,,,,,,
0,7/15/13,15,7,2013,,,,,,,,
0.3,7/16/13,16,7,2013,,,,,,,,
0,7/17/13,17,7,2013,,,,,,,,
0,7/18/13,18,7,2013,,,,,,,,
0,7/19/13,19,7,2013,,,,,,,,
0,7/20/13,20,7,2013,,,,,,,,
0.3,7/21/13,21,7,2013,,,,,,,,
0,7/22/13,22,7,2013,,,,,,,,
44.7,7/23/13,23,7,2013,,,,,,,,
0,7/24/13,24,7,2013,,,,,,,,
6.9,7/25/13,25,7,2013,,,,,,,,
25.4,7/26/13,26,7,2013,,,,,,,,
0,7/27/13,27,7,2013,,,,,,,,
0.3,7/28/13,28,7,2013,,,,,,,,
8.4,7/29/13,29,7,2013,,,,,,,,
0,7/30/13,30,7,2013,,,,,,,,
0,7/31/13,31,7,2013,,,,,,,,
0,8/1/13,1,8,2013,,,,,,,,
3.3,8/2/13,2,8,2013,,,,,,,,
0,8/3/13,3,8,2013,,,,,,,,
0,8/4/13,4,8,2013,,,,,,,,
0,8/5/13,5,8,2013,,,,,,,,
0,8/6/13,6,8,2013,,,,,,,,
0,8/7/13,7,8,2013,,,,,,,,
1.8,8/8/13,8,8,2013,,,,,,,,
41.1,8/9/13,9,8,2013,,,,,,,,
0,8/10/13,10,8,2013,,,,,,,,
0,8/11/13,11,8,2013,,,,,,,,
0,8/12/13,12,8,2013,,,,,,,,
0,8/13/13,13,8,2013,,,,,,,,
0,8/14/13,14,8,2013,,,,,,,,
0,8/15/13,15,8,2013,,,,,,,,
0,8/16/13,16,8,2013,,,,,,,,
0,8/17/13,17,8,2013,,,,,,,,
0,8/18/13,18,8,2013,,,,,,,,
0,8/19/13,19,8,2013,,,,,,,,
0,8/20/13,20,8,2013,,,,,,,,
0,8/21/13,21,8,2013,,,,,,,,
0,8/22/13,22,8,2013,,,,,,,,
0,8/23/13,23,8,2013,,,,,,,,
0,8/24/13,24,8,2013,,,,,,,,
0,8/25/13,25,8,2013,,,,,,,,
0.3,8/26/13,26,8,2013,,,,,,,,
0.3,8/27/13,27,8,2013,,,,,,,,
0,8/28/13,28,8,2013,,,,,,,,
0,8/29/13,29,8,2013,,,,,,,,
0,8/30/13,30,8,2013,,,,,,,,
0,8/31/13,31,8,2013,,,,,,,,
9.7,9/1/13,1,9,2013,,,,,,,,
9.7,9/2/13,2,9,2013,,,,,,,,
0,9/3/13,3,9,2013,,,,,,,,
0,9/4/13,4,9,2013,,,,,,,,
2.3,9/5/13,5,9,2013,,,,,,,,
0,9/6/13,6,9,2013,,,,,,,,
0,9/7/13,7,9,2013,,,,,,,,
0,9/8/13,8,9,2013,,,,,,,,
0,9/9/13,9,9,2013,,,,,,,,
0.8,9/10/13,10,9,2013,,,,,,,,
0,9/11/13,11,9,2013,,,,,,,,
14.5,9/12/13,12,9,2013,,,,,,,,
9.9,9/13/13,13,9,2013,,,,,,,,
0,9/14/13,14,9,2013,,,,,,,,
0,9/15/13,15,9,2013,,,,,,,,
0,9/16/13,16,9,2013,,,,,,,,
0,9/17/13,17,9,2013,,,,,,,,
0,9/18/13,18,9,2013,,,,,,,,
0,9/19/13,19,9,2013,,,,,,,,
0,9/20/13,20,9,2013,,,,,,,,
0,9/21/13,21,9,2013,,,,,,,,
9.4,9/22/13,22,9,2013,,,,,,,,
0,9/23/13,23,9,2013,,,,,,,,
0,9/24/13,24,9,2013,,,,,,,,
0,9/25/13,25,9,2013,,,,,,,,
0,9/26/13,26,9,2013,,,,,,,,
0,9/27/13,27,9,2013,,,,,,,,
0,9/28/13,28,9,2013,,,,,,,,
0,9/29/13,29,9,2013,,,,,,,,
0,9/30/13,30,9,2013,,,,,,,,
0,10/1/13,1,10,2013,,,,,,,,
0,10/2/13,2,10,2013,,,,,,,,
0,10/3/13,3,10,2013,,,,,,,,
0.8,10/4/13,4,10,2013,,,,,,,,
0,10/5/13,5,10,2013,,,,,,,,
7.9,10/6/13,6,10,2013,,,,,,,,
2.8,10/7/13,7,10,2013,,,,,,,,
0,10/8/13,8,10,2013,,,,,,,,
0,10/9/13,9,10,2013,,,,,,,,
0,10/10/13,10,10,2013,,,,,,,,
0,10/11/13,11,10,2013,,,,,,,,
0,10/12/13,12,10,2013,,,,,,,,
0,10/13/13,13,10,2013,,,,,,,,
0,10/14/13,14,10,2013,,,,,,,,
0,10/15/13,15,10,2013,,,,,,,,
0,10/16/13,16,10,2013,,,,,,,,
0.8,10/17/13,17,10,2013,,,,,,,,
0.5,10/18/13,18,10,2013,,,,,,,,
0,10/19/13,19,10,2013,,,,,,,,
0,10/20/13,20,10,2013,,,,,,,,
0,10/21/13,21,10,2013,,,,,,,,
0,10/22/13,22,10,2013,,,,,,,,
0,10/23/13,23,10,2013,,,,,,,,
0,10/24/13,24,10,2013,,,,,,,,
0,10/25/13,25,10,2013,,,,,,,,
0,10/26/13,26,10,2013,,,,,,,,
0.8,10/27/13,27,10,2013,,,,,,,,
0,10/28/13,28,10,2013,,,,,,,,
0,10/29/13,29,10,2013,,,,,,,,
1.3,10/30/13,30,10,2013,,,,,,,,
0.8,10/31/13,31,10,2013,,,,,,,,
0.8,11/1/13,1,11,2013,,,,,,,,
0,11/2/13,2,11,2013,,,,,,,,
0.8,11/3/13,3,11,2013,,,,,,,,
0,11/4/13,4,11,2013,,,,,,,,
0,11/5/13,5,11,2013,,,,,,,,
0,11/6/13,6,11,2013,,,,,,,,
5.6,11/7/13,7,11,2013,,,,,,,,
0,11/8/13,8,11,2013,,,,,,,,
0,11/9/13,9,11,2013,,,,,,,,
0.8,11/10/13,10,11,2013,,,,,,,,
0,11/11/13,11,11,2013,,,,,,,,
2,11/12/13,12,11,2013,,,,,,,,
0,11/13/13,13,11,2013,,,,,,,,
0,11/14/13,14,11,2013,,,,,,,,
0,11/15/13,15,11,2013,,,,,,,,
0,11/16/13,16,11,2013,,,,,,,,
1,11/17/13,17,11,2013,,,,,,,,
3.8,11/18/13,18,11,2013,,,,,,,,
0,11/19/13,19,11,2013,,,,,,,,
0,11/20/13,20,11,2013,,,,,,,,
0,11/21/13,21,11,2013,,,,,,,,
6.4,11/22/13,22,11,2013,,,,,,,,
0,11/23/13,23,11,2013,,,,,,,,
0,11/24/13,24,11,2013,,,,,,,,
0,11/25/13,25,11,2013,,,,,,,,
2.5,11/26/13,26,11,2013,,,,,,,,
45.5,11/27/13,27,11,2013,,,,,,,,
0,11/28/13,28,11,2013,,,,,,,,
0,11/29/13,29,11,2013,,,,,,,,
0,11/30/13,30,11,2013,,,,,,,,
0,6/1/14,1,6,2014,,,,,,,,
0,6/2/14,2,6,2014,,,,,,,,
0,6/3/14,3,6,2014,,,,,,,,
3.6,6/4/14,4,6,2014,,,,,,,,
19.8,6/5/14,5,6,2014,,,,,,,,
0,6/6/14,6,6,2014,,,,,,,,
0,6/7/14,7,6,2014,,,,,,,,
0,6/8/14,8,6,2014,,,,,,,,
0,6/9/14,9,6,2014,,,,,,,,
21.6,6/10/14,10,6,2014,,,,,,,,
0,6/11/14,11,6,2014,,,,,,,,
0,6/12/14,12,6,2014,,,,,,,,
13.7,6/13/14,13,6,2014,,,,,,,,
0.3,6/14/14,14,6,2014,,,,,,,,
0,6/15/14,15,6,2014,,,,,,,,
0,6/16/14,16,6,2014,,,,,,,,
0.5,6/17/14,17,6,2014,,,,,,,,
0,6/18/14,18,6,2014,,,,,,,,
0,6/19/14,19,6,2014,,,,,,,,
0,6/20/14,20,6,2014,,,,,,,,
0,6/21/14,21,6,2014,,,,,,,,
0,6/22/14,22,6,2014,,,,,,,,
0,6/23/14,23,6,2014,,,,,,,,
0,6/24/14,24,6,2014,,,,,,,,
0,6/25/14,25,6,2014,,,,,,,,
7.1,6/26/14,26,6,2014,,,,,,,,
0,6/27/14,27,6,2014,,,,,,,,
0,6/28/14,28,6,2014,,,,,,,,
0,6/29/14,29,6,2014,,,,,,,,
0,6/30/14,30,6,2014,,,,,,,,
0,7/1/14,1,7,2014,,,,,,,,
0,7/2/14,2,7,2014,,,,,,,,
7.1,7/3/14,3,7,2014,,,,,,,,
47.8,7/4/14,4,7,2014,,,,,,,,
8.9,7/5/14,5,7,2014,,,,,,,,
0,7/6/14,6,7,2014,,,,,,,,
2,7/7/14,7,7,2014,,,,,,,,
0,7/8/14,8,7,2014,,,,,,,,
0,7/9/14,9,7,2014,,,,,,,,
0,7/10/14,10,7,2014,,,,,,,,
0,7/11/14,11,7,2014,,,,,,,,
0,7/12/14,12,7,2014,,,,,,,,
0,7/13/14,13,7,2014,,,,,,,,
17,7/14/14,14,7,2014,,,,,,,,
0,7/15/14,15,7,2014,,,,,,,,
21.6,7/16/14,16,7,2014,,,,,,,,
0,7/17/14,17,7,2014,,,,,,,,
0,7/18/14,18,7,2014,,,,,,,,
0,7/19/14,19,7,2014,,,,,,,,
0,7/20/14,20,7,2014,,,,,,,,
0,7/21/14,21,7,2014,,,,,,,,
0,7/22/14,22,7,2014,,,,,,,,
0,7/23/14,23,7,2014,,,,,,,,
0,7/24/14,24,7,2014,,,,,,,,
0,7/25/14,25,7,2014,,,,,,,,
0,7/26/14,26,7,2014,,,,,,,,
8.9,7/27/14,27,7,2014,,,,,,,,
2.8,7/28/14,28,7,2014,,,,,,,,
0,7/29/14,29,7,2014,,,,,,,,
0,7/30/14,30,7,2014,,,,,,,,
0,7/31/14,31,7,2014,,,,,,,,
0,8/1/14,1,8,2014,,,,,,,,
0.8,8/2/14,2,8,2014,,,,,,,,
0,8/3/14,3,8,2014,,,,,,,,
0,8/4/14,4,8,2014,,,,,,,,
0,8/5/14,5,8,2014,,,,,,,,
0.3,8/6/14,6,8,2014,,,,,,,,
0.3,8/7/14,7,8,2014,,,,,,,,
0,8/8/14,8,8,2014,,,,,,,,
0,8/9/14,9,8,2014,,,,,,,,
0,8/10/14,10,8,2014,,,,,,,,
0,8/11/14,11,8,2014,,,,,,,,
0,8/12/14,12,8,2014,,,,,,,,
26.9,8/13/14,13,8,2014,,,,,,,,
0,8/14/14,14,8,2014,,,,,,,,
0,8/15/14,15,8,2014,,,,,,,,
0,8/16/14,16,8,2014,,,,,,,,
0,8/17/14,17,8,2014,,,,,,,,
0,8/18/14,18,8,2014,,,,,,,,
0,8/19/14,19,8,2014,,,,,,,,
0,8/20/14,20,8,2014,,,,,,,,
0,8/21/14,21,8,2014,,,,,,,,
2,8/22/14,22,8,2014,,,,,,,,
0,8/23/14,23,8,2014,,,,,,,,
0,8/24/14,24,8,2014,,,,,,,,
0,8/25/14,25,8,2014,,,,,,,,
0,8/26/14,26,8,2014,,,,,,,,
0.5,8/27/14,27,8,2014,,,,,,,,
0,8/28/14,28,8,2014,,,,,,,,
0,8/29/14,29,8,2014,,,,,,,,
0,8/30/14,30,8,2014,,,,,,,,
13.7,8/31/14,31,8,2014,,,,,,,,
0,9/1/14,1,9,2014,,,,,,,,
0.3,9/2/14,2,9,2014,,,,,,,,
0,9/3/14,3,9,2014,,,,,,,,
0,9/4/14,4,9,2014,,,,,,,,
0,9/5/14,5,9,2014,,,,,,,,
5.6,9/6/14,6,9,2014,,,,,,,,
3.8,9/7/14,7,9,2014,,,,,,,,
0,9/8/14,8,9,2014,,,,,,,,
0,9/9/14,9,9,2014,,,,,,,,
0,9/10/14,10,9,2014,,,,,,,,
0,9/11/14,11,9,2014,,,,,,,,
0,9/12/14,12,9,2014,,,,,,,,
3.3,9/13/14,13,9,2014,,,,,,,,
0,9/14/14,14,9,2014,,,,,,,,
0,9/15/14,15,9,2014,,,,,,,,
0,9/16/14,16,9,2014,,,,,,,,
0,9/17/14,17,9,2014,,,,,,,,
0,9/18/14,18,9,2014,,,,,,,,
0,9/19/14,19,9,2014,,,,,,,,
0,9/20/14,20,9,2014,,,,,,,,
0.3,9/21/14,21,9,2014,,,,,,,,
0,9/22/14,22,9,2014,,,,,,,,
0,9/23/14,23,9,2014,,,,,,,,
0,9/24/14,24,9,2014,,,,,,,,
0,9/25/14,25,9,2014,,,,,,,,
0,9/26/14,26,9,2014,,,,,,,,
0,9/27/14,27,9,2014,,,,,,,,
0,9/28/14,28,9,2014,,,,,,,,
0,9/29/14,29,9,2014,,,,,,,,
4.6,9/30/14,30,9,2014,,,,,,,,
29.5,10/1/14,1,10,2014,,,,,,,,
4.1,10/2/14,2,10,2014,,,,,,,,
0.3,10/3/14,3,10,2014,,,,,,,,
8.9,10/4/14,4,10,2014,,,,,,,,
0,10/5/14,5,10,2014,,,,,,,,
0,10/6/14,6,10,2014,,,,,,,,
0.3,10/7/14,7,10,2014,,,,,,,,
0.3,10/8/14,8,10,2014,,,,,,,,
0,10/9/14,9,10,2014,,,,,,,,
0,10/10/14,10,10,2014,,,,,,,,
7.9,10/11/14,11,10,2014,,,,,,,,
0,10/12/14,12,10,2014,,,,,,,,
0,10/13/14,13,10,2014,,,,,,,,
0,10/14/14,14,10,2014,,,,,,,,
0,10/15/14,15,10,2014,,,,,,,,
16,10/16/14,16,10,2014,,,,,,,,
0,10/17/14,17,10,2014,,,,,,,,
0,10/18/14,18,10,2014,,,,,,,,
0,10/19/14,19,10,2014,,,,,,,,
0,10/20/14,20,10,2014,,,,,,,,
0,10/21/14,21,10,2014,,,,,,,,
22.1,10/22/14,22,10,2014,,,,,,,,
57.2,10/23/14,23,10,2014,,,,,,,,
1.3,10/24/14,24,10,2014,,,,,,,,
0,10/25/14,25,10,2014,,,,,,,,
0,10/26/14,26,10,2014,,,,,,,,
0,10/27/14,27,10,2014,,,,,,,,
0,10/28/14,28,10,2014,,,,,,,,
0.5,10/29/14,29,10,2014,,,,,,,,
0,10/30/14,30,10,2014,,,,,,,,
0,10/31/14,31,10,2014,,,,,,,,
15,11/1/14,1,11,2014,,,,,,,,
7.9,11/2/14,2,11,2014,,,,,,,,
0,11/3/14,3,11,2014,,,,,,,,
0,11/4/14,4,11,2014,,,,,,,,
0,11/5/14,5,11,2014,,,,,,,,
15,11/6/14,6,11,2014,,,,,,,,
0,11/7/14,7,11,2014,,,,,,,,
0,11/8/14,8,11,2014,,,,,,,,
0,11/9/14,9,11,2014,,,,,,,,
0,11/10/14,10,11,2014,,,,,,,,
0,11/11/14,11,11,2014,,,,,,,,
0,11/12/14,12,11,2014,,,,,,,,
1.5,11/13/14,13,11,2014,,,,,,,,
5.8,11/14/14,14,11,2014,,,,,,,,
0,11/15/14,15,11,2014,,,,,,,,
0,11/16/14,16,11,2014,,,,,,,,
41.7,11/17/14,17,11,2014,,,,,,,,
0,11/18/14,18,11,2014,,,,,,,,
0,11/19/14,19,11,2014,,,,,,,,
0,11/20/14,20,11,2014,,,,,,,,
0,11/21/14,21,11,2014,,,,,,,,
0,11/22/14,22,11,2014,,,,,,,,
0,11/23/14,23,11,2014,,,,,,,,
7.1,11/24/14,24,11,2014,,,,,,,,
0,11/25/14,25,11,2014,,,,,,,,
36.6,11/26/14,26,11,2014,,,,,,,,
0.5,11/27/14,27,11,2014,,,,,,,,
2.8,11/28/14,28,11,2014,,,,,,,,
0,11/29/14,29,11,2014,,,,,,,,
0,11/30/14,30,11,2014,,,,,,,,
9.7,6/1/15,1,6,2015,,,,,,,,
18.8,6/2/15,2,6,2015,,,,,,,,
0,6/3/15,3,6,2015,,,,,,,,
0,6/4/15,4,6,2015,,,,,,,,
0,6/5/15,5,6,2015,,,,,,,,
2.3,6/6/15,6,6,2015,,,,,,,,
0,6/7/15,7,6,2015,,,,,,,,
0,6/8/15,8,6,2015,,,,,,,,
0,6/9/15,9,6,2015,,,,,,,,
0,6/10/15,10,6,2015,,,,,,,,
0,6/11/15,11,6,2015,,,,,,,,
0,6/12/15,12,6,2015,,,,,,,,
0,6/13/15,13,6,2015,,,,,,,,
0,6/14/15,14,6,2015,,,,,,,,
10.2,6/15/15,15,6,2015,,,,,,,,
0,6/16/15,16,6,2015,,,,,,,,
0,6/17/15,17,6,2015,,,,,,,,
0,6/18/15,18,6,2015,,,,,,,,
0,6/19/15,19,6,2015,,,,,,,,
1,6/20/15,20,6,2015,,,,,,,,
43.7,6/21/15,21,6,2015,,,,,,,,
0,6/22/15,22,6,2015,,,,,,,,
0.3,6/23/15,23,6,2015,,,,,,,,
0,6/24/15,24,6,2015,,,,,,,,
0,6/25/15,25,6,2015,,,,,,,,
0,6/26/15,26,6,2015,,,,,,,,
5.1,6/27/15,27,6,2015,,,,,,,,
36.3,6/28/15,28,6,2015,,,,,,,,
0,6/29/15,29,6,2015,,,,,,,,
0,6/30/15,30,6,2015,,,,,,,,
13.7,7/1/15,1,7,2015,,,,,,,,
0,7/2/15,2,7,2015,,,,,,,,
0,7/3/15,3,7,2015,,,,,,,,
0,7/4/15,4,7,2015,,,,,,,,
0,7/5/15,5,7,2015,,,,,,,,
0,7/6/15,6,7,2015,,,,,,,,
0.5,7/7/15,7,7,2015,,,,,,,,
0,7/8/15,8,7,2015,,,,,,,,
3.8,7/9/15,9,7,2015,,,,,,,,
28.4,7/10/15,10,7,2015,,,,,,,,
0,7/11/15,11,7,2015,,,,,,,,
0,7/12/15,12,7,2015,,,,,,,,
0,7/13/15,13,7,2015,,,,,,,,
0.8,7/14/15,14,7,2015,,,,,,,,
0,7/15/15,15,7,2015,,,,,,,,
0,7/16/15,16,7,2015,,,,,,,,
0,7/17/15,17,7,2015,,,,,,,,
3.6,7/18/15,18,7,2015,,,,,,,,
0,7/19/15,19,7,2015,,,,,,,,
0,7/20/15,20,7,2015,,,,,,,,
0,7/21/15,21,7,2015,,,,,,,,
0,7/22/15,22,7,2015,,,,,,,,
0,7/23/15,23,7,2015,,,,,,,,
0.3,7/24/15,24,7,2015,,,,,,,,
0,7/25/15,25,7,2015,,,,,,,,
0,7/26/15,26,7,2015,,,,,,,,
1.5,7/27/15,27,7,2015,,,,,,,,
0,7/28/15,28,7,2015,,,,,,,,
0,7/29/15,29,7,2015,,,,,,,,
0.5,7/30/15,30,7,2015,,,,,,,,
0,7/31/15,31,7,2015,,,,,,,,
0,8/1/15,1,8,2015,,,,,,,,
0,8/2/15,2,8,2015,,,,,,,,
0,8/3/15,3,8,2015,,,,,,,,
12.4,8/4/15,4,8,2015,,,,,,,,
0,8/5/15,5,8,2015,,,,,,,,
0,8/6/15,6,8,2015,,,,,,,,
0,8/7/15,7,8,2015,,,,,,,,
0,8/8/15,8,8,2015,,,,,,,,
0,8/9/15,9,8,2015,,,,,,,,
0,8/10/15,10,8,2015,,,,,,,,
21.1,8/11/15,11,8,2015,,,,,,,,
0,8/12/15,12,8,2015,,,,,,,,
0,8/13/15,13,8,2015,,,,,,,,
0,8/14/15,14,8,2015,,,,,,,,
2,8/15/15,15,8,2015,,,,,,,,
0,8/16/15,16,8,2015,,,,,,,,
0,8/17/15,17,8,2015,,,,,,,,
3.6,8/18/15,18,8,2015,,,,,,,,
0,8/19/15,19,8,2015,,,,,,,,
0,8/20/15,20,8,2015,,,,,,,,
16,8/21/15,21,8,2015,,,,,,,,
0,8/22/15,22,8,2015,,,,,,,,
0.5,8/23/15,23,8,2015,,,,,,,,
0,8/24/15,24,8,2015,,,,,,,,
0,8/25/15,25,8,2015,,,,,,,,
0,8/26/15,26,8,2015,,,,,,,,
0,8/27/15,27,8,2015,,,,,,,,
0,8/28/15,28,8,2015,,,,,,,,
0,8/29/15,29,8,2015,,,,,,,,
0,8/30/15,30,8,2015,,,,,,,,
0,8/31/15,31,8,2015,,,,,,,,
0,9/1/15,1,9,2015,,,,,,,,
0,9/2/15,2,9,2015,,,,,,,,
0.3,9/3/15,3,9,2015,,,,,,,,
0,9/4/15,4,9,2015,,,,,,,,
0,9/5/15,5,9,2015,,,,,,,,
0,9/6/15,6,9,2015,,,,,,,,
0,9/7/15,7,9,2015,,,,,,,,
5.1,9/8/15,8,9,2015,,,,,,,,
0,9/9/15,9,9,2015,,,,,,,,
4.3,9/10/15,10,9,2015,,,,,,,,
16.8,9/11/15,11,9,2015,,,,,,,,
0.3,9/12/15,12,9,2015,,,,,,,,
9.7,9/13/15,13,9,2015,,,,,,,,
0,9/14/15,14,9,2015,,,,,,,,
0,9/15/15,15,9,2015,,,,,,,,
0,9/16/15,16,9,2015,,,,,,,,
0,9/17/15,17,9,2015,,,,,,,,
0,9/18/15,18,9,2015,,,,,,,,
0,9/19/15,19,9,2015,,,,,,,,
0,9/20/15,20,9,2015,,,,,,,,
0,9/21/15,21,9,2015,,,,,,,,
0,9/22/15,22,9,2015,,,,,,,,
0,9/23/15,23,9,2015,,,,,,,,
0,9/24/15,24,9,2015,,,,,,,,
0,9/25/15,25,9,2015,,,,,,,,
0,9/26/15,26,9,2015,,,,,,,,
0,9/27/15,27,9,2015,,,,,,,,
0,9/28/15,28,9,2015,,,,,,,,
1,9/29/15,29,9,2015,,,,,,,,
62.5,9/30/15,30,9,2015,,,,,,,,
0,10/1/15,1,10,2015,,,,,,,,
2,10/2/15,2,10,2015,,,,,,,,
0.3,10/3/15,3,10,2015,,,,,,,,
0,10/4/15,4,10,2015,,,,,,,,
0,10/5/15,5,10,2015,,,,,,,,
0,10/6/15,6,10,2015,,,,,,,,
0,10/7/15,7,10,2015,,,,,,,,
0,10/8/15,8,10,2015,,,,,,,,
8.6,10/9/15,9,10,2015,,,,,,,,
0,10/10/15,10,10,2015,,,,,,,,
0,10/11/15,11,10,2015,,,,,,,,
0,10/12/15,12,10,2015,,,,,,,,
3,10/13/15,13,10,2015,,,,,,,,
0,10/14/15,14,10,2015,,,,,,,,
0,10/15/15,15,10,2015,,,,,,,,
0,10/16/15,16,10,2015,,,,,,,,
0,10/17/15,17,10,2015,,,,,,,,
0,10/18/15,18,10,2015,,,,,,,,
0,10/19/15,19,10,2015,,,,,,,,
0,10/20/15,20,10,2015,,,,,,,,
1.8,10/21/15,21,10,2015,,,,,,,,
0,10/22/15,22,10,2015,,,,,,,,
0,10/23/15,23,10,2015,,,,,,,,
0,10/24/15,24,10,2015,,,,,,,,
0.8,10/25/15,25,10,2015,,,,,,,,
0,10/26/15,26,10,2015,,,,,,,,
0,10/27/15,27,10,2015,,,,,,,,
9.1,10/28/15,28,10,2015,,,,,,,,
18.5,10/29/15,29,10,2015,,,,,,,,
0,10/30/15,30,10,2015,,,,,,,,
0,10/31/15,31,10,2015,,,,,,,,
0,11/1/15,1,11,2015,,,,,,,,
0,11/2/15,2,11,2015,,,,,,,,
0,11/3/15,3,11,2015,,,,,,,,
0,11/4/15,4,11,2015,,,,,,,,
0,11/5/15,5,11,2015,,,,,,,,
0,11/6/15,6,11,2015,,,,,,,,
0,11/7/15,7,11,2015,,,,,,,,
0,11/8/15,8,11,2015,,,,,,,,
0,11/9/15,9,11,2015,,,,,,,,
1.8,11/10/15,10,11,2015,,,,,,,,
13.7,11/11/15,11,11,2015,,,,,,,,
1,11/12/15,12,11,2015,,,,,,,,
0.3,11/13/15,13,11,2015,,,,,,,,
0,11/14/15,14,11,2015,,,,,,,,
0,11/15/15,15,11,2015,,,,,,,,
0,11/16/15,16,11,2015,,,,,,,,
0,11/17/15,17,11,2015,,,,,,,,
0,11/18/15,18,11,2015,,,,,,,,
0,11/19/15,19,11,2015,,,,,,,,
21.8,11/20/15,20,11,2015,,,,,,,,
0,11/21/15,21,11,2015,,,,,,,,
7.6,11/22/15,22,11,2015,,,,,,,,
1,11/23/15,23,11,2015,,,,,,,,
0,11/24/15,24,11,2015,,,,,,,,
0,11/25/15,25,11,2015,,,,,,,,
0,11/26/15,26,11,2015,,,,,,,,
0,11/27/15,27,11,2015,,,,,,,,
5.3,11/28/15,28,11,2015,,,,,,,,
0,11/29/15,29,11,2015,,,,,,,,
0,11/30/15,30,11,2015,,,,,,,,
0,6/1/16,1,6,2016,,,,,,,,
0,6/2/16,2,6,2016,,,,,,,,
0,6/3/16,3,6,2016,,,,,,,,
0,6/4/16,4,6,2016,,,,,,,,
23.1,6/5/16,5,6,2016,,,,,,,,
0,6/6/16,6,6,2016,,,,,,,,
3.8,6/7/16,7,6,2016,,,,,,,,
0,6/8/16,8,6,2016,,,,,,,,
0,6/9/16,9,6,2016,,,,,,,,
0,6/10/16,10,6,2016,,,,,,,,
0.5,6/11/16,11,6,2016,,,,,,,,
0,6/12/16,12,6,2016,,,,,,,,
0,6/13/16,13,6,2016,,,,,,,,
0,6/14/16,14,6,2016,,,,,,,,
0,6/15/16,15,6,2016,,,,,,,,
0,6/16/16,16,6,2016,,,,,,,,
3,6/17/16,17,6,2016,,,,,,,,
0,6/18/16,18,6,2016,,,,,,,,
0,6/19/16,19,6,2016,,,,,,,,
0,6/20/16,20,6,2016,,,,,,,,
0.5,6/21/16,21,6,2016,,,,,,,,
0,6/22/16,22,6,2016,,,,,,,,
0,6/23/16,23,6,2016,,,,,,,,
0,6/24/16,24,6,2016,,,,,,,,
0,6/25/16,25,6,2016,,,,,,,,
0,6/26/16,26,6,2016,,,,,,,,
0,6/27/16,27,6,2016,,,,,,,,
2,6/28/16,28,6,2016,,,,,,,,
0.8,6/29/16,29,6,2016,,,,,,,,
0,6/30/16,30,6,2016,,,,,,,,
5.1,7/1/16,1,7,2016,,,,,,,,
0,7/2/16,2,7,2016,,,,,,,,
0,7/3/16,3,7,2016,,,,,,,,
0,7/4/16,4,7,2016,,,,,,,,
5.8,7/5/16,5,7,2016,,,,,,,,
0,7/6/16,6,7,2016,,,,,,,,
0,7/7/16,7,7,2016,,,,,,,,
0.5,7/8/16,8,7,2016,,,,,,,,
2.8,7/9/16,9,7,2016,,,,,,,,
2.3,7/10/16,10,7,2016,,,,,,,,
0,7/11/16,11,7,2016,,,,,,,,
0,7/12/16,12,7,2016,,,,,,,,
0,7/13/16,13,7,2016,,,,,,,,
0,7/14/16,14,7,2016,,,,,,,,
0,7/15/16,15,7,2016,,,,,,,,
0,7/16/16,16,7,2016,,,,,,,,
0,7/17/16,17,7,2016,,,,,,,,
0.3,7/18/16,18,7,2016,,,,,,,,
0,7/19/16,19,7,2016,,,,,,,,
0,7/20/16,20,7,2016,,,,,,,,
0,7/21/16,21,7,2016,,,,,,,,
0,7/22/16,22,7,2016,,,,,,,,
0,7/23/16,23,7,2016,,,,,,,,
0,7/24/16,24,7,2016,,,,,,,,
0,7/25/16,25,7,2016,,,,,,,,
0,7/26/16,26,7,2016,,,,,,,,
0,7/27/16,27,7,2016,,,,,,,,
0,7/28/16,28,7,2016,,,,,,,,
1.5,7/29/16,29,7,2016,,,,,,,,
0,7/30/16,30,7,2016,,,,,,,,
3.8,7/31/16,31,7,2016,,,,,,,,
0,8/1/16,1,8,2016,,,,,,,,
1,8/2/16,2,8,2016,,,,,,,,
0,8/3/16,3,8,2016,,,,,,,,
0,8/4/16,4,8,2016,,,,,,,,
0,8/5/16,5,8,2016,,,,,,,,
0.5,8/6/16,6,8,2016,,,,,,,,
0,8/7/16,7,8,2016,,,,,,,,
0,8/8/16,8,8,2016,,,,,,,,
0,8/9/16,9,8,2016,,,,,,,,
5.8,8/10/16,10,8,2016,,,,,,,,
0,8/11/16,11,8,2016,,,,,,,,
0.3,8/12/16,12,8,2016,,,,,,,,
8.6,8/13/16,13,8,2016,,,,,,,,
4.6,8/14/16,14,8,2016,,,,,,,,
0,8/15/16,15,8,2016,,,,,,,,
0,8/16/16,16,8,2016,,,,,,,,
0,8/17/16,17,8,2016,,,,,,,,
0,8/18/16,18,8,2016,,,,,,,,
0,8/19/16,19,8,2016,,,,,,,,
0,8/20/16,20,8,2016,,,,,,,,
0.3,8/21/16,21,8,2016,,,,,,,,
22.6,8/22/16,22,8,2016,,,,,,,,
0,8/23/16,23,8,2016,,,,,,,,
0,8/24/16,24,8,2016,,,,,,,,
0,8/25/16,25,8,2016,,,,,,,,
0,8/26/16,26,8,2016,,,,,,,,
0,8/27/16,27,8,2016,,,,,,,,
0,8/28/16,28,8,2016,,,,,,,,
0,8/29/16,29,8,2016,,,,,,,,
0,8/30/16,30,8,2016,,,,,,,,
0,8/31/16,31,8,2016,,,,,,,,
0.5,9/1/16,1,9,2016,,,,,,,,
0,9/2/16,2,9,2016,,,,,,,,
0,9/3/16,3,9,2016,,,,,,,,
0,9/4/16,4,9,2016,,,,,,,,
1.8,9/5/16,5,9,2016,,,,,,,,
3.6,9/6/16,6,9,2016,,,,,,,,
0.8,9/7/16,7,9,2016,,,,,,,,
0,9/8/16,8,9,2016,,,,,,,,
0,9/9/16,9,9,2016,,,,,,,,
0.3,9/10/16,10,9,2016,,,,,,,,
0.8,9/11/16,11,9,2016,,,,,,,,
0,9/12/16,12,9,2016,,,,,,,,
0,9/13/16,13,9,2016,,,,,,,,
1.5,9/14/16,14,9,2016,,,,,,,,
0,9/15/16,15,9,2016,,,,,,,,
0,9/16/16,16,9,2016,,,,,,,,
0,9/17/16,17,9,2016,,,,,,,,
0,9/18/16,18,9,2016,,,,,,,,
8.4,9/19/16,19,9,2016,,,,,,,,
0,9/20/16,20,9,2016,,,,,,,,
0,9/21/16,21,9,2016,,,,,,,,
0,9/22/16,22,9,2016,,,,,,,,
8.6,9/23/16,23,9,2016,,,,,,,,
0,9/24/16,24,9,2016,,,,,,,,
0,9/25/16,25,9,2016,,,,,,,,
0,9/26/16,26,9,2016,,,,,,,,
5.6,9/27/16,27,9,2016,,,,,,,,
0,9/28/16,28,9,2016,,,,,,,,
0,9/29/16,29,9,2016,,,,,,,,
3.3,9/30/16,30,9,2016,,,,,,,,
18,10/1/16,1,10,2016,,,,,,,,
0.8,10/2/16,2,10,2016,,,,,,,,
0,10/3/16,3,10,2016,,,,,,,,
0,10/4/16,4,10,2016,,,,,,,,
0,10/5/16,5,10,2016,,,,,,,,
0,10/6/16,6,10,2016,,,,,,,,
0,10/7/16,7,10,2016,,,,,,,,
0.3,10/8/16,8,10,2016,,,,,,,,
46.7,10/9/16,9,10,2016,,,,,,,,
0,10/10/16,10,10,2016,,,,,,,,
0,10/11/16,11,10,2016,,,,,,,,
0,10/12/16,12,10,2016,,,,,,,,
0,10/13/16,13,10,2016,,,,,,,,
0,10/14/16,14,10,2016,,,,,,,,
0,10/15/16,15,10,2016,,,,,,,,
0,10/16/16,16,10,2016,,,,,,,,
0,10/17/16,17,10,2016,,,,,,,,
3.6,10/18/16,18,10,2016,,,,,,,,
0,10/19/16,19,10,2016,,,,,,,,
2,10/20/16,20,10,2016,,,,,,,,
28.2,10/21/16,21,10,2016,,,,,,,,
3.8,10/22/16,22,10,2016,,,,,,,,
0,10/23/16,23,10,2016,,,,,,,,
0,10/24/16,24,10,2016,,,,,,,,
0,10/25/16,25,10,2016,,,,,,,,
0,10/26/16,26,10,2016,,,,,,,,
16.5,10/27/16,27,10,2016,,,,,,,,
15.5,10/28/16,28,10,2016,,,,,,,,
0,10/29/16,29,10,2016,,,,,,,,
3.3,10/30/16,30,10,2016,,,,,,,,
0,10/31/16,31,10,2016,,,,,,,,
0,11/1/16,1,11,2016,,,,,,,,
0,11/2/16,2,11,2016,,,,,,,,
2,11/3/16,3,11,2016,,,,,,,,
0,11/4/16,4,11,2016,,,,,,,,
0,11/5/16,5,11,2016,,,,,,,,
2.3,11/6/16,6,11,2016,,,,,,,,
0,11/7/16,7,11,2016,,,,,,,,
0,11/8/16,8,11,2016,,,,,,,,
0.3,11/9/16,9,11,2016,,,,,,,,
0,11/10/16,10,11,2016,,,,,,,,
0,11/11/16,11,11,2016,,,,,,,,
0,11/12/16,12,11,2016,,,,,,,,
0,11/13/16,13,11,2016,,,,,,,,
0,11/14/16,14,11,2016,,,,,,,,
25.1,11/15/16,15,11,2016,,,,,,,,
0.8,11/16/16,16,11,2016,,,,,,,,
0,11/17/16,17,11,2016,,,,,,,,
0,11/18/16,18,11,2016,,,,,,,,
0,11/19/16,19,11,2016,,,,,,,,
2,11/20/16,20,11,2016,,,,,,,,
0,11/21/16,21,11,2016,,,,,,,,
0,11/22/16,22,11,2016,,,,,,,,
0,11/23/16,23,11,2016,,,,,,,,
1.3,11/24/16,24,11,2016,,,,,,,,
0.8,11/25/16,25,11,2016,,,,,,,,
0,11/26/16,26,11,2016,,,,,,,,
0,11/27/16,27,11,2016,,,,,,,,
0,11/28/16,28,11,2016,,,,,,,,
10.9,11/29/16,29,11,2016,,,,,,,,
23.1,11/30/16,30,11,2016,,,,,,,,
4.1,6/1/17,1,6,2017,,,,,,,,
0.3,6/2/17,2,6,2017,,,,,,,,
0,6/3/17,3,6,2017,,,,,,,,
4.6,6/4/17,4,6,2017,,,,,,,,
15,6/5/17,5,6,2017,,,,,,,,
20.3,6/6/17,6,6,2017,,,,,,,,
1,6/7/17,7,6,2017,,,,,,,,
0,6/8/17,8,6,2017,,,,,,,,
0,6/9/17,9,6,2017,,,,,,,,
0,6/10/17,10,6,2017,,,,,,,,
0,6/11/17,11,6,2017,,,,,,,,
0,6/12/17,12,6,2017,,,,,,,,
13.5,6/13/17,13,6,2017,,,,,,,,
0,6/14/17,14,6,2017,,,,,,,,
0,6/15/17,15,6,2017,,,,,,,,
54.1,6/16/17,16,6,2017,,,,,,,,
0.5,6/17/17,17,6,2017,,,,,,,,
0,6/18/17,18,6,2017,,,,,,,,
0.8,6/19/17,19,6,2017,,,,,,,,
3.3,6/20/17,20,6,2017,,,,,,,,
0,6/21/17,21,6,2017,,,,,,,,
0,6/22/17,22,6,2017,,,,,,,,
0,6/23/17,23,6,2017,,,,,,,,
2,6/24/17,24,6,2017,,,,,,,,
0,6/25/17,25,6,2017,,,,,,,,
0,6/26/17,26,6,2017,,,,,,,,
2,6/27/17,27,6,2017,,,,,,,,
0,6/28/17,28,6,2017,,,,,,,,
0,6/29/17,29,6,2017,,,,,,,,
1.8,6/30/17,30,6,2017,,,,,,,,
2.8,7/1/17,1,7,2017,,,,,,,,
0,7/2/17,2,7,2017,,,,,,,,
0,7/3/17,3,7,2017,,,,,,,,
0,7/4/17,4,7,2017,,,,,,,,
0,7/5/17,5,7,2017,,,,,,,,
0,7/6/17,6,7,2017,,,,,,,,
7.6,7/7/17,7,7,2017,,,,,,,,
10.2,7/8/17,8,7,2017,,,,,,,,
0,7/9/17,9,7,2017,,,,,,,,
0,7/10/17,10,7,2017,,,,,,,,
4.3,7/11/17,11,7,2017,,,,,,,,
33.8,7/12/17,12,7,2017,,,,,,,,
3.6,7/13/17,13,7,2017,,,,,,,,
0,7/14/17,14,7,2017,,,,,,,,
0,7/15/17,15,7,2017,,,,,,,,
0,7/16/17,16,7,2017,,,,,,,,
0,7/17/17,17,7,2017,,,,,,,,
3,7/18/17,18,7,2017,,,,,,,,
0,7/19/17,19,7,2017,,,,,,,,
0,7/20/17,20,7,2017,,,,,,,,
0,7/21/17,21,7,2017,,,,,,,,
0,7/22/17,22,7,2017,,,,,,,,
0,7/23/17,23,7,2017,,,,,,,,
35.8,7/24/17,24,7,2017,,,,,,,,
0.3,7/25/17,25,7,2017,,,,,,,,
0,7/26/17,26,7,2017,,,,,,,,
1,7/27/17,27,7,2017,,,,,,,,
0,7/28/17,28,7,2017,,,,,,,,
0,7/29/17,29,7,2017,,,,,,,,
0,7/30/17,30,7,2017,,,,,,,,
0,7/31/17,31,7,2017,,,,,,,,
0,8/1/17,1,8,2017,,,,,,,,
24.4,8/2/17,2,8,2017,,,,,,,,
0,8/3/17,3,8,2017,,,,,,,,
0,8/4/17,4,8,2017,,,,,,,,
4.1,8/5/17,5,8,2017,,,,,,,,
0,8/6/17,6,8,2017,,,,,,,,
0,8/7/17,7,8,2017,,,,,,,,
0,8/8/17,8,8,2017,,,,,,,,
0,8/9/17,9,8,2017,,,,,,,,
0,8/10/17,10,8,2017,,,,,,,,
0,8/11/17,11,8,2017,,,,,,,,
2.5,8/12/17,12,8,2017,,,,,,,,
0,8/13/17,13,8,2017,,,,,,,,
0,8/14/17,14,8,2017,,,,,,,,
0,8/15/17,15,8,2017,,,,,,,,
0,8/16/17,16,8,2017,,,,,,,,
0,8/17/17,17,8,2017,,,,,,,,
6.1,8/18/17,18,8,2017,,,,,,,,
0.3,8/19/17,19,8,2017,,,,,,,,
0,8/20/17,20,8,2017,,,,,,,,
0,8/21/17,21,8,2017,,,,,,,,
0,8/22/17,22,8,2017,,,,,,,,
1,8/23/17,23,8,2017,,,,,,,,
0,8/24/17,24,8,2017,,,,,,,,
0,8/25/17,25,8,2017,,,,,,,,
0,8/26/17,26,8,2017,,,,,,,,
0,8/27/17,27,8,2017,,,,,,,,
0,8/28/17,28,8,2017,,,,,,,,
0,8/29/17,29,8,2017,,,,,,,,
1.8,8/30/17,30,8,2017,,,,,,,,
0,8/31/17,31,8,2017,,,,,,,,
0,9/1/17,1,9,2017,,,,,,,,
0,9/2/17,2,9,2017,,,,,,,,
7.1,9/3/17,3,9,2017,,,,,,,,
0,9/4/17,4,9,2017,,,,,,,,
0,9/5/17,5,9,2017,,,,,,,,
5.6,9/6/17,6,9,2017,,,,,,,,
15.2,9/7/17,7,9,2017,,,,,,,,
0,9/8/17,8,9,2017,,,,,,,,
0.3,9/9/17,9,9,2017,,,,,,,,
0,9/10/17,10,9,2017,,,,,,,,
0,9/11/17,11,9,2017,,,,,,,,
0,9/12/17,12,9,2017,,,,,,,,
0.8,9/13/17,13,9,2017,,,,,,,,
8.4,9/14/17,14,9,2017,,,,,,,,
5.3,9/15/17,15,9,2017,,,,,,,,
0,9/16/17,16,9,2017,,,,,,,,
0,9/17/17,17,9,2017,,,,,,,,
0,9/18/17,18,9,2017,,,,,,,,
1,9/19/17,19,9,2017,,,,,,,,
6.9,9/20/17,20,9,2017,,,,,,,,
0,9/21/17,21,9,2017,,,,,,,,
4.1,9/22/17,22,9,2017,,,,,,,,
0.8,9/23/17,23,9,2017,,,,,,,,
0,9/24/17,24,9,2017,,,,,,,,
0,9/25/17,25,9,2017,,,,,,,,
0,9/26/17,26,9,2017,,,,,,,,
0,9/27/17,27,9,2017,,,,,,,,
0,9/28/17,28,9,2017,,,,,,,,
0,9/29/17,29,9,2017,,,,,,,,
39.4,9/30/17,30,9,2017,,,,,,,,
0,10/1/17,1,10,2017,,,,,,,,
0,10/2/17,2,10,2017,,,,,,,,
0,10/3/17,3,10,2017,,,,,,,,
0,10/4/17,4,10,2017,,,,,,,,
0,10/5/17,5,10,2017,,,,,,,,
0,10/6/17,6,10,2017,,,,,,,,
0,10/7/17,7,10,2017,,,,,,,,
2.8,10/8/17,8,10,2017,,,,,,,,
6.9,10/9/17,9,10,2017,,,,,,,,
0,10/10/17,10,10,2017,,,,,,,,
0.3,10/11/17,11,10,2017,,,,,,,,
0,10/12/17,12,10,2017,,,,,,,,
0,10/13/17,13,10,2017,,,,,,,,
2.5,10/14/17,14,10,2017,,,,,,,,
0,10/15/17,15,10,2017,,,,,,,,
0,10/16/17,16,10,2017,,,,,,,,
0,10/17/17,17,10,2017,,,,,,,,
0,10/18/17,18,10,2017,,,,,,,,
0,10/19/17,19,10,2017,,,,,,,,
0,10/20/17,20,10,2017,,,,,,,,
0,10/21/17,21,10,2017,,,,,,,,
0,10/22/17,22,10,2017,,,,,,,,
0,10/23/17,23,10,2017,,,,,,,,
1.8,10/24/17,24,10,2017,,,,,,,,
32.8,10/25/17,25,10,2017,,,,,,,,
8.9,10/26/17,26,10,2017,,,,,,,,
0,10/27/17,27,10,2017,,,,,,,,
0,10/28/17,28,10,2017,,,,,,,,
25.4,10/29/17,29,10,2017,,,,,,,,
23.9,10/30/17,30,10,2017,,,,,,,,
0,10/31/17,31,10,2017,,,,,,,,
0,11/1/17,1,11,2017,,,,,,,,
0,11/2/17,2,11,2017,,,,,,,,
0.3,11/3/17,3,11,2017,,,,,,,,
0,11/4/17,4,11,2017,,,,,,,,
0,11/5/17,5,11,2017,,,,,,,,
2,11/6/17,6,11,2017,,,,,,,,
3.3,11/7/17,7,11,2017,,,,,,,,
0.8,11/8/17,8,11,2017,,,,,,,,
0,11/9/17,9,11,2017,,,,,,,,
0.5,11/10/17,10,11,2017,,,,,,,,
0,11/11/17,11,11,2017,,,,,,,,
0,11/12/17,12,11,2017,,,,,,,,
3.3,11/13/17,13,11,2017,,,,,,,,
0,11/14/17,14,11,2017,,,,,,,,
0,11/15/17,15,11,2017,,,,,,,,
4.8,11/16/17,16,11,2017,,,,,,,,
0,11/17/17,17,11,2017,,,,,,,,
2.3,11/18/17,18,11,2017,,,,,,,,
5.8,11/19/17,19,11,2017,,,,,,,,
0,11/20/17,20,11,2017,,,,,,,,
0,11/21/17,21,11,2017,,,,,,,,
22.6,11/22/17,22,11,2017,,,,,,,,
0,11/23/17,23,11,2017,,,,,,,,
0,11/24/17,24,11,2017,,,,,,,,
0,11/25/17,25,11,2017,,,,,,,,
0,11/26/17,26,11,2017,,,,,,,,
0,11/27/17,27,11,2017,,,,,,,,
0,11/28/17,28,11,2017,,,,,,,,
0,11/29/17,29,11,2017,,,,,,,,
0,11/30/17,30,11,2017,,,,,,,,
,,,,,,,,,,,,
,,,,,,,,,,,,
,,,,,,,,,,,,